brand_cpu,name_cpu,benchmark_cpu,rank_cpu,value_cpu,socket_cpu,price_cpu,core_count,thread_count
Intel,Intel 300,7257,1897,88.5,LGA 1700,2551.84,2,4
Intel,Intel 300T,5567,2247,67.89,LGA 1700,2551.84,2,4
Intel,Intel Core i3-10100 @ 3.60GHz,8511,1724,58.3,LGA 1200,4543.2088,4,8
Intel,Intel Core i3-10100E @ 3.20GHz,7816,1807,62.53,LGA 1200,3890,4,8
Intel,Intel Core i3-10100F @ 3.60GHz,8715,1699,128.35,LGA 1200,2113.048,4,8
Intel,Intel Core i3-10100T @ 3.00GHz,7299,1889,59.83,LGA 1200,3796.64,4,8
Intel,Intel Core i3-10100TE @ 2.30GHz,6371,2065,46.17,LGA 1200,4294.56,4,8
Intel,Intel Core i3-10105 @ 3.70GHz,8256,1748,48.8,LGA 1200,5264.8816,4,8
Intel,Intel Core i3-10105F @ 3.70GHz,8894,1686,55.89,LGA 1200,4952.1256,4,8
Intel,Intel Core i3-10105T @ 3.00GHz,7796,1812,86.63,LGA 1200,2800.4888,4,8
Intel,Intel Core i3-10300 @ 3.70GHz,9290,1644,87.48,LGA 1200,3304.6328,4,8
Intel,Intel Core i3-10300T @ 3.00GHz,7868,1802,79.47,LGA 1200,3080.88,4,8
Intel,Intel Core i3-10305 @ 3.80GHz,9210,1655,39.77,LGA 1200,7207.392,4,8
Intel,Intel Core i3-10305T @ 3.00GHz,8512,1723,59.52,LGA 1200,4450.16,4,8
Intel,Intel Core i3-10320 @ 3.80GHz,9988,1573,83.23,LGA 1200,3734.4,4,8
Intel,Intel Core i3-10325 @ 3.90GHz,10291,1555,54.13,LGA 1200,5915.912,4,8
Intel,Intel Core i3-11100HE @ 2.40GHz,11781,1440,50.56,LGA 1200,7250.96,4,8
Intel,Intel Core i3-12100,12402,1399,101.66,LGA 1700,3796.64,4,8
Intel,Intel Core i3-12100E,13535,1322,47.34,LGA 1700,8898.4528,4,8
Intel,Intel Core i3-12100F,13974,1290,155.31,LGA 1700,2800.1776,4,8
Intel,Intel Core i3-12100T,12443,1398,102,LGA 1700,3796.64,4,8
Intel,Intel Core i3-12100TE,10511,1535,84.09,LGA 1700,3890,4,8
Intel,Intel Core i3-12300,14342,1255,100.29,LGA 1700,4450.16,4,8
Intel,Intel Core i3-12300T,13058,1357,83.17,LGA 1700,4885.84,4,8
Intel,Intel Core i3-13100,14080,1275,84.32,LGA 1700,5196.4176,4,8
Intel,Intel Core i3-13100E,13727,1305,100.2,LGA 1700,4263.44,4,8
Intel,Intel Core i3-13100F,14662,1230,122.2,LGA 1700,3734.0888,4,8
Intel,Intel Core i3-13100T,12714,1381,94.88,LGA 1700,4170.08,4,8
Intel,Intel Core i3-13100TE,11248,1484,82.1,LGA 1700,4263.44,4,8
Intel,Intel Core i3-13300HE,21057,862,67.49,LGA 1700,9709.44,8,12
Intel,Intel Core i3-14100,15149,1205,84.17,LGA 1700,5601.2888,4,8
Intel,Intel Core i3-14100F,15382,1188,144.89,LGA 1700,3303.6992,4,8
Intel,Intel Core i3-14100T,13677,1308,38.59,LGA 1700,11030.484,4,8
Intel,Intel Core i3-2100 @ 3.10GHz,1861,3707,24.49,LGA 1155,2365.12,2,4
Intel,Intel Core i3-2100T @ 2.50GHz,1542,3957,23.86,LGA 1155,2011.2856,2,4
Intel,Intel Core i3-2102 @ 3.10GHz,2029,3586,34.98,LGA 1155,1804.96,2,4
Intel,Intel Core i3-2105 @ 3.10GHz,1846,3719,16.34,LGA 1155,3515.6264,2,4
Intel,Intel Core i3-2120 @ 3.30GHz,1979,3619,19.4,LGA 1155,3174.24,2,4
Intel,Intel Core i3-2120T @ 2.60GHz,1570,3928,8.97,LGA 1155,5446,2,4
Intel,Intel Core i3-2125 @ 3.30GHz,2083,3548,13.44,LGA 1155,4823.2888,2,4
Intel,Intel Core i3-2130 @ 3.40GHz,2067,3560,67.67,LGA 1155,950.4048,2,4
Intel,Intel Core i3-2310E @ 2.10GHz,1845,3720,8.2,LGA 1155,7002,2,4
Intel,Intel Core i3-3210 @ 3.20GHz,2225,3465,13.99,LGA 1155,4948.08,2,4
Intel,Intel Core i3-3220 @ 3.30GHz,2276,3428,22.76,LGA 1155,3112,2,4
Intel,Intel Core i3-3220T @ 2.80GHz,1953,3635,13.31,LGA 1155,4564.9928,2,4
Intel,Intel Core i3-3225 @ 3.30GHz,2280,3426,19.08,LGA 1155,3720.0848,2,4
Intel,Intel Core i3-3240 @ 3.40GHz,2355,3375,57.43,LGA 1155,1275.92,2,4
Intel,Intel Core i3-3245 @ 3.40GHz,2419,3336,16.8,LGA 1155,4481.28,2,4
Intel,Intel Core i3-3250 @ 3.50GHz,2463,3297,27.36,LGA 1155,2800.8,2,4
Intel,Intel Core i3-4100E @ 2.40GHz,1848,3716,8.22,LGA 1150,7002,2,4
Intel,Intel Core i3-4130 @ 3.40GHz,3339,2863,60.64,LGA 1150,1713.4672,2,4
Intel,Intel Core i3-4130T @ 2.90GHz,2870,3080,143.59,LGA 1150,622.0888,2,4
Intel,Intel Core i3-4150 @ 3.50GHz,3400,2829,97.15,LGA 1150,1089.2,2,4
Intel,Intel Core i3-4150T @ 3.00GHz,2892,3070,6.93,LGA 1150,12990.1104,2,4
Intel,Intel Core i3-4160 @ 3.60GHz,3502,2792,66.18,LGA 1150,1646.5592,2,4
Intel,Intel Core i3-4160T @ 3.10GHz,3091,2977,51.53,LGA 1150,1866.8888,2,4
Intel,Intel Core i3-4170 @ 3.70GHz,3576,2764,29.77,LGA 1150,3737.512,2,4
Intel,Intel Core i3-4170T @ 3.20GHz,3144,2948,41.95,LGA 1150,2332.444,2,4
Intel,Intel Core i3-4330 @ 3.50GHz,3485,2795,58.12,LGA 1150,1865.9552,2,4
Intel,Intel Core i3-4340 @ 3.60GHz,3510,2789,89.8,LGA 1150,1216.4808,2,4
Intel,Intel Core i3-4350 @ 3.60GHz,3619,2756,27.84,LGA 1150,4045.6,2,4
Intel,Intel Core i3-4360 @ 3.70GHz,3644,2744,43.58,LGA 1150,2602.2544,2,4
Intel,Intel Core i3-4370 @ 3.80GHz,3861,2664,93.87,LGA 1150,1279.9656,2,4
Intel,Intel Core i3-4370T @ 3.30GHz,3361,2855,24.35,LGA 1150,4294.56,2,4
Intel,Intel Core i3-530 @ 2.93GHz,1517,3979,33.71,LGA 1156,1400.4,2,4
Intel,Intel Core i3-540 @ 3.07GHz,1558,3938,6.89,LGA 1156,7033.12,2,4
Intel,Intel Core i3-550 @ 3.20GHz,1632,3880,12.56,LGA 1156,4044.044,2,4
Intel,Intel Core i3-560 @ 3.33GHz,1642,3874,18.26,LGA 1156,2799.244,2,4
Intel,Intel Core i3-6100 @ 3.70GHz,4099,2593,58.02,LGA 1151,2198.628,2,4
Intel,Intel Core i3-6100T @ 3.20GHz,3637,2746,84.6,LGA 1151,1337.8488,2,4
Intel,Intel Core i3-6102E @ 1.90GHz,2349,3380,10.44,LGA 1151,7002,2,4
Intel,Intel Core i3-6300 @ 3.80GHz,4350,2529,43.51,LGA 1151,3111.0664,2,4
Intel,Intel Core i3-6300T @ 3.30GHz,3985,2624,30.65,LGA 1151,4045.6,2,4
Intel,Intel Core i3-6320 @ 3.90GHz,4432,2509,45.88,LGA 1151,3006.192,2,4
Intel,Intel Core i3-7100 @ 3.90GHz,4311,2536,122.27,LGA 1151,1097.2912,2,4
Intel,Intel Core i3-7100T @ 3.40GHz,3750,2705,96.15,LGA 1151,1213.68,2,4
Intel,Intel Core i3-7101E @ 3.90GHz,4430,2510,37.87,LGA 1151,3641.04,2,4
Intel,Intel Core i3-7101TE @ 3.40GHz,3956,2633,33.81,LGA 1151,3641.04,2,4
Intel,Intel Core i3-7102E @ 2.10GHz,2599,3220,11.55,LGA 1151,7002,2,4
Intel,Intel Core i3-7300 @ 4.00GHz,4519,2484,58.26,LGA 1151,2413.9784,2,4
Intel,Intel Core i3-7300T @ 3.50GHz,4140,2575,32.1,LGA 1151,4013.2352,2,4
Intel,Intel Core i3-7320 @ 4.10GHz,4767,2429,36.78,LGA 1151,4033.152,2,4
Intel,Intel Core i3-7350K @ 4.20GHz,4874,2409,28.84,LGA 1151,5259.28,2,4
Intel,Intel Core i3-8100 @ 3.60GHz,6064,2133,177.09,LGA 1151v2,1065.5488,4,4
Intel,Intel Core i3-8100B @ 3.60GHz,5906,2168,44.41,LGA 1151v2,4138.96,4,4
Intel,Intel Core i3-8100T @ 3.10GHz,5266,2324,89.25,LGA 1151v2,1836.08,4,4
Intel,Intel Core i3-8145UE @ 2.20GHz,4010,2617,14.27,LGA 1151v2,8744.72,2,4
Intel,Intel Core i3-8300 @ 3.70GHz,6368,2068,54.56,LGA 1151v2,3632.0152,4,4
Intel,Intel Core i3-8300T @ 3.20GHz,5378,2292,33.84,LGA 1151v2,4946.524,4,4
Intel,Intel Core i3-8350K @ 4.00GHz,6925,1962,45.16,LGA 1151v2,4772.252,4,4
Intel,Intel Core i3-9100 @ 3.60GHz,6600,2018,70.13,LGA 1151v2,2928.7032,4,4
Intel,Intel Core i3-9100F @ 3.60GHz,6703,2004,67.03,LGA 1151v2,3111.6888,4,4
Intel,Intel Core i3-9100HL @ 1.60GHz,3454,2805,15.35,LGA 1151v2,7002,4,4
Intel,Intel Core i3-9100T @ 3.10GHz,5630,2227,46.15,LGA 1151v2,3796.64,4,4
Intel,Intel Core i3-9100TE @ 2.20GHz,4589,2468,37.62,LGA 1151v2,3796.64,4,4
Intel,Intel Core i3-9300 @ 3.70GHz,7075,1930,78.61,LGA 1151v2,2800.8,4,4
Intel,Intel Core i3-9300T @ 3.20GHz,6323,2083,44.22,LGA 1151v2,4450.16,4,4
Intel,Intel Core i3-9320 @ 3.70GHz,7358,1880,34.12,LGA 1151v2,6711.6504,4,4
Intel,Intel Core i3-9350K @ 4.00GHz,7596,1842,50.85,LGA 1151v2,4648.3944,4,4
Intel,Intel Core i3-9350KF @ 4.00GHz,7602,1841,54.69,LGA 1151v2,4325.68,4,4
Intel,Intel Core i5-10400 @ 2.90GHz,11986,1424,99.07,LGA 1200,3765.2088,6,12
Intel,Intel Core i5-10400F @ 2.90GHz,12110,1419,120.02,LGA 1200,3140.008,6,12
Intel,Intel Core i5-10400T @ 2.00GHz,9800,1595,53.85,LGA 1200,5663.84,6,12
Intel,Intel Core i5-10500 @ 3.10GHz,13001,1363,90.52,LGA 1200,4469.7656,6,12
Intel,Intel Core i5-10500E @ 3.10GHz,11368,1473,58.3,LGA 1200,6068.4,6,12
Intel,Intel Core i5-10500T @ 2.30GHz,10173,1562,101.74,LGA 1200,3111.6888,6,12
Intel,Intel Core i5-10500TE @ 2.30GHz,8864,1692,45.45,LGA 1200,6068.4,6,12
Intel,Intel Core i5-10600 @ 3.30GHz,13561,1320,41.09,LGA 1200,10270.2224,6,12
Intel,Intel Core i5-10600K @ 4.10GHz,14249,1258,91.93,LGA 1200,4823.2888,6,12
Intel,Intel Core i5-10600KF @ 4.10GHz,14125,1274,59.75,LGA 1200,7357.3904,6,12
Intel,Intel Core i5-10600T @ 2.40GHz,11535,1462,54.15,LGA 1200,6628.56,6,12
Intel,Intel Core i5-11400 @ 2.60GHz,16661,1124,118.4,LGA 1200,4379.2064,6,12
Intel,Intel Core i5-11400F @ 2.60GHz,16890,1113,158.31,LGA 1200,3320.1928,6,12
Intel,Intel Core i5-11400T @ 1.30GHz,13072,1356,71.82,LGA 1200,5663.84,6,12
Intel,Intel Core i5-11500 @ 2.70GHz,17069,1104,85.77,LGA 1200,6192.88,6,12
Intel,Intel Core i5-11500T @ 1.50GHz,12725,1380,66.27,LGA 1200,5975.04,6,12
Intel,Intel Core i5-11600 @ 2.80GHz,17948,1052,128.2,LGA 1200,4356.8,6,12
Intel,Intel Core i5-11600K @ 3.90GHz,19512,957,115.46,LGA 1200,5259.28,6,12
Intel,Intel Core i5-11600KF @ 3.90GHz,19444,961,122.36,LGA 1200,4945.2792,6,12
Intel,Intel Core i5-11600T @ 1.70GHz,14447,1245,67.83,LGA 1200,6628.56,6,12
Intel,Intel Core i5-12400,18786,994,97.84,LGA 1700,5975.04,6,12
Intel,Intel Core i5-12400F,19585,950,122.42,LGA 1700,4978.8888,6,12
Intel,Intel Core i5-12400T,15551,1180,103.68,LGA 1700,4667.6888,6,12
Intel,Intel Core i5-12490F,20376,907,133.22,LGA 1700,4759.804,6,12
Intel,Intel Core i5-12500,19732,944,97.68,LGA 1700,6286.24,6,12
Intel,Intel Core i5-12500E,20585,891,91.49,LGA 1700,7002,6,12
Intel,Intel Core i5-12500HL,23366,748,83.75,LGA 1700,8682.48,12,16
Intel,Intel Core i5-12500T,16347,1137,80.92,LGA 1700,6286.24,6,12
Intel,Intel Core i5-12500TE,15440,1185,75.32,LGA 1700,6379.6,6,12
Intel,Intel Core i5-12600,21343,845,77.61,LGA 1700,8557.6888,6,12
Intel,Intel Core i5-12600HE,22827,766,72.47,LGA 1700,9802.8,12,16
Intel,Intel Core i5-12600HL,23615,736,75.93,LGA 1700,9678.32,12,16
Intel,Intel Core i5-12600K,27557,591,148.57,LGA 1700,5772.4488,10,16
Intel,Intel Core i5-12600KF,27547,592,125.5,LGA 1700,6830.5288,10,16
Intel,Intel Core i5-13400,23820,730,53.41,LGA 1700,13879.2088,10,16
Intel,Intel Core i5-13400F,25005,676,138.16,LGA 1700,5632.4088,10,16
Intel,Intel Core i5-13400T,20224,917,91.51,LGA 1700,6877.52,10,16
Intel,Intel Core i5-13490F,26583,625,153.33,LGA 1700,5395.2744,10,16
Intel,Intel Core i5-13500,31007,486,110.97,LGA 1700,8695.8616,14,20
Intel,Intel Core i5-13500E,25718,653,109.44,LGA 1700,7313.2,14,20
Intel,Intel Core i5-13500T,22571,782,97.29,LGA 1700,7219.84,14,20
Intel,Intel Core i5-13500TE,20483,897,87.16,LGA 1700,7313.2,14,20
Intel,Intel Core i5-13600,31472,470,123.42,LGA 1700,7935.6,14,20
Intel,Intel Core i5-13600HE,23483,742,74.08,LGA 1700,9865.04,12,16
Intel,Intel Core i5-13600HRE,14591,1236,42.05,LGA 1700,10798.64,12,16
Intel,Intel Core i5-13600K,37570,367,130.06,LGA 1700,8989.6344,14,20
Intel,Intel Core i5-13600KF,37401,369,102.47,LGA 1700,11358.8,14,20
Intel,Intel Core i5-13600T,28107,569,110.23,LGA 1700,7935.6,14,20
Intel,Intel Core i5-14400,25242,669,90.21,LGA 1700,8708.3096,10,16
Intel,Intel Core i5-14400F,25606,658,115.34,LGA 1700,6908.64,10,16
Intel,Intel Core i5-14400T,20809,871,94.16,LGA 1700,6877.52,10,16
Intel,Intel Core i5-14500,31024,485,70.51,LGA 1700,13692.4888,14,20
Intel,Intel Core i5-14500T,22884,764,98.64,LGA 1700,7219.84,14,20
Intel,Intel Core i5-14600,32428,452,127.17,LGA 1700,7935.6,14,20
Intel,Intel Core i5-14600K,38492,354,121.82,LGA 1700,9833.6088,14,20
Intel,Intel Core i5-14600KF,38522,353,142.68,LGA 1700,8402.0888,14,20
Intel,Intel Core i5-14600T,27180,605,106.59,LGA 1700,7935.6,14,20
Intel,Intel Core i5-2300 @ 2.80GHz,3467,2801,157.67,LGA 1155,684.3288,4,4
Intel,Intel Core i5-2310 @ 2.90GHz,3664,2736,76.99,LGA 1155,1481.0008,4,4
Intel,Intel Core i5-2320 @ 3.00GHz,3687,2732,141.21,LGA 1155,812.5432,4,4
Intel,Intel Core i5-2390T @ 2.70GHz,2498,3279,25,LGA 1155,3108.888,2,4
Intel,Intel Core i5-2400 @ 3.10GHz,3864,2662,32.75,LGA 1155,3672.16,4,4
Intel,Intel Core i5-2400S @ 2.50GHz,3188,2927,28.93,LGA 1155,3429.1128,4,4
Intel,Intel Core i5-2405S @ 2.50GHz,3400,2830,22.67,LGA 1155,4666.444,4,4
Intel,Intel Core i5-2500 @ 3.30GHz,4099,2592,98.38,LGA 1155,1296.7704,4,4
Intel,Intel Core i5-2500K @ 3.30GHz,4142,2574,60.02,LGA 1155,2147.28,4,4
Intel,Intel Core i5-2500S @ 2.70GHz,3376,2844,61,LGA 1155,1722.1808,4,4
Intel,Intel Core i5-2500T @ 2.30GHz,2929,3057,32.55,LGA 1155,2800.4888,4,4
Intel,Intel Core i5-2550K @ 3.40GHz,4228,2555,91.12,LGA 1155,1443.968,4,4
Intel,Intel Core i5-3330 @ 3.00GHz,4101,2590,23.84,LGA 1155,5352.3288,4,4
Intel,Intel Core i5-3330S @ 2.70GHz,3913,2644,130.47,LGA 1155,933.2888,4,4
Intel,Intel Core i5-3340 @ 3.10GHz,4254,2551,32.73,LGA 1155,4044.044,4,4
Intel,Intel Core i5-3340S @ 2.80GHz,3964,2629,52.85,LGA 1155,2334,4,4
Intel,Intel Core i5-3450 @ 3.10GHz,4514,2485,47.52,LGA 1155,2956.4,4,4
Intel,Intel Core i5-3450S @ 2.80GHz,4401,2515,51.17,LGA 1155,2676.32,4,4
Intel,Intel Core i5-3470 @ 3.20GHz,4661,2449,84.75,LGA 1155,1711.6,4,4
Intel,Intel Core i5-3470S @ 2.90GHz,4373,2521,24.31,LGA 1155,5597.8656,4,4
Intel,Intel Core i5-3470T @ 2.90GHz,3004,3020,11.13,LGA 1155,8400.844,2,4
Intel,Intel Core i5-3475S @ 2.90GHz,4325,2532,17.3,LGA 1155,7778.444,4,4
Intel,Intel Core i5-3550 @ 3.30GHz,4787,2425,14.29,LGA 1155,10425.2,4,4
Intel,Intel Core i5-3550S @ 3.00GHz,4458,2497,22.41,LGA 1155,6191.324,4,4
Intel,Intel Core i5-3570 @ 3.40GHz,4929,2397,78.26,LGA 1155,1960.2488,4,4
Intel,Intel Core i5-3570K @ 3.40GHz,4972,2390,50.22,LGA 1155,3080.88,4,4
Intel,Intel Core i5-3570S @ 3.10GHz,4689,2442,78.17,LGA 1155,1866.8888,4,4
Intel,Intel Core i5-4400E @ 2.70GHz,3251,2900,12.22,LGA 1150,8277.92,2,4
Intel,Intel Core i5-4422E @ 1.80GHz,1907,3675,7.17,LGA 1150,8277.92,2,4
Intel,Intel Core i5-4430 @ 3.00GHz,4664,2446,59.29,LGA 1150,2448.2104,4,4
Intel,Intel Core i5-4430S @ 2.70GHz,4384,2519,23.13,LGA 1150,5898.1736,4,4
Intel,Intel Core i5-4440 @ 3.10GHz,4793,2424,53.98,LGA 1150,2763.456,4,4
Intel,Intel Core i5-4440S @ 2.80GHz,4373,2522,35.31,LGA 1150,3854.212,4,4
Intel,Intel Core i5-4460 @ 3.20GHz,4921,2401,95.35,LGA 1150,1606.1032,4,4
Intel,Intel Core i5-4460S @ 2.90GHz,4644,2457,29.03,LGA 1150,4977.644,4,4
Intel,Intel Core i5-4570 @ 3.20GHz,5234,2332,85.59,LGA 1150,1902.988,4,4
Intel,Intel Core i5-4570S @ 2.90GHz,5015,2383,25.21,LGA 1150,6191.324,4,4
Intel,Intel Core i5-4570T @ 2.90GHz,3217,2916,21.46,LGA 1150,4666.444,2,4
Intel,Intel Core i5-4570TE @ 2.70GHz,3105,2971,9.08,LGA 1150,10642.7288,2,4
Intel,Intel Core i5-4590 @ 3.30GHz,5377,2293,104.66,LGA 1150,1598.6344,4,4
Intel,Intel Core i5-4590S @ 3.00GHz,5124,2361,113.88,LGA 1150,1400.0888,4,4
Intel,Intel Core i5-4590T @ 2.00GHz,4066,2605,31.29,LGA 1150,4044.044,4,4
Intel,Intel Core i5-4670 @ 3.40GHz,5486,2269,84.54,LGA 1150,2019.3768,4,4
Intel,Intel Core i5-4670K @ 3.40GHz,5583,2242,111.67,LGA 1150,1556,4,4
Intel,Intel Core i5-4670R @ 3.00GHz,5233,2333,18.96,LGA 1150,8589.12,4,4
Intel,Intel Core i5-4670S @ 3.10GHz,5257,2328,24.68,LGA 1150,6628.56,4,4
Intel,Intel Core i5-4670T @ 2.30GHz,4489,2491,17.33,LGA 1150,8060.7024,4,4
Intel,Intel Core i5-4690 @ 3.50GHz,5594,2238,62.37,LGA 1150,2790.8416,4,4
Intel,Intel Core i5-4690K @ 3.50GHz,5686,2215,37.82,LGA 1150,4678.2696,4,4
Intel,Intel Core i5-4690S @ 3.20GHz,5487,2268,91.46,LGA 1150,1866.8888,4,4
Intel,Intel Core i5-6350HQ @ 2.30GHz,4255,2550,13.9,LGA 1151,9522.72,4,4
Intel,Intel Core i5-6400 @ 2.70GHz,5174,2348,91.13,LGA 1151,1766.6824,4,4
Intel,Intel Core i5-6400T @ 2.20GHz,4252,2552,26.57,LGA 1151,4978.8888,4,4
Intel,Intel Core i5-6442EQ @ 1.90GHz,4483,2493,17.93,LGA 1151,7780,4,4
Intel,Intel Core i5-650 @ 3.20GHz,2257,3439,37.64,LGA 1156,1865.644,2,4
Intel,Intel Core i5-6500 @ 3.20GHz,5602,2236,70.92,LGA 1151,2458.48,4,4
Intel,Intel Core i5-6500T @ 2.50GHz,4771,2428,36.72,LGA 1151,4044.044,4,4
Intel,Intel Core i5-6500TE @ 2.30GHz,4962,2391,10.13,LGA 1151,15247.244,4,4
Intel,Intel Core i5-660 @ 3.33GHz,2412,3340,16.09,LGA 1156,4666.444,2,4
Intel,Intel Core i5-6600 @ 3.30GHz,6069,2130,115.71,LGA 1151,1632.244,4,4
Intel,Intel Core i5-6600K @ 3.50GHz,6299,2088,79.79,LGA 1151,2456.924,4,4
Intel,Intel Core i5-6600T @ 2.70GHz,5572,2245,30.96,LGA 1151,5600.044,4,4
Intel,Intel Core i5-661 @ 3.33GHz,2387,3350,29.84,LGA 1156,2489.6,2,4
Intel,Intel Core i5-670 @ 3.47GHz,2553,3249,23.41,LGA 1156,3394.5696,2,4
Intel,Intel Core i5-680 @ 3.60GHz,2620,3206,8.45,LGA 1156,9652.4904,2,4
Intel,Intel Core i5-7400 @ 3.00GHz,5475,2274,60.6,LGA 1151,2811.692,4,4
Intel,Intel Core i5-7400T @ 2.40GHz,4702,2440,60.27,LGA 1151,2427.9824,4,4
Intel,Intel Core i5-7440EQ @ 2.90GHz,5711,2209,22.84,LGA 1151,7780,4,4
Intel,Intel Core i5-7442EQ @ 2.10GHz,4834,2417,19.34,LGA 1151,7780,4,4
Intel,Intel Core i5-750 @ 2.67GHz,2547,3256,52.41,LGA 1156,1512.1208,4,4
Intel,Intel Core i5-7500 @ 3.40GHz,6032,2142,94.08,LGA 1151,1995.4144,4,4
Intel,Intel Core i5-7500T @ 2.70GHz,5232,2334,40.12,LGA 1151,4058.9816,4,4
Intel,Intel Core i5-760 @ 2.80GHz,2676,3172,27.29,LGA 1156,3051.316,4,4
Intel,Intel Core i5-7600 @ 3.50GHz,6580,2024,102.88,LGA 1151,1990.4352,4,4
Intel,Intel Core i5-7600K @ 3.80GHz,6819,1980,110.26,LGA 1151,1924.4608,4,4
Intel,Intel Core i5-7600T @ 2.80GHz,5815,2182,39.31,LGA 1151,4602.9592,4,4
Intel,Intel Core i5-7640X @ 4.00GHz,7096,1927,83.14,LGA 1151,2656.4032,4,4
Intel,Intel Core i5-8365UE @ 1.60GHz,5504,2265,18.53,LGA 1151v2,9242.64,4,8
Intel,Intel Core i5-8400 @ 2.80GHz,9231,1652,75.1,LGA 1151v2,3825.2704,6,6
Intel,Intel Core i5-8400T @ 1.70GHz,7418,1870,65.43,LGA 1151v2,3528.0744,6,6
Intel,Intel Core i5-8500 @ 3.00GHz,9513,1618,110.77,LGA 1151v2,2672.5856,6,6
Intel,Intel Core i5-8500B @ 3.00GHz,8870,1691,46.2,LGA 1151v2,5975.04,6,6
Intel,Intel Core i5-8500T @ 2.10GHz,7727,1822,51.86,LGA 1151v2,4636.88,6,6
Intel,Intel Core i5-8600 @ 3.10GHz,9952,1581,114.4,LGA 1151v2,2707.1288,6,6
Intel,Intel Core i5-8600K @ 3.60GHz,10141,1563,121.59,LGA 1151v2,2595.408,6,6
Intel,Intel Core i5-8600T @ 2.30GHz,9184,1661,45.92,LGA 1151v2,6223.6888,6,6
Intel,Intel Core i5-9300HF @ 2.40GHz,7246,1899,28.98,LGA 1151v2,7780,4,8
Intel,Intel Core i5-9400 @ 2.90GHz,9373,1637,85.99,LGA 1151v2,3392.08,6,6
Intel,Intel Core i5-9400F @ 2.90GHz,9461,1622,86.8,LGA 1151v2,3392.08,6,6
Intel,Intel Core i5-9400T @ 1.80GHz,8148,1766,44.77,LGA 1151v2,5663.84,6,6
Intel,Intel Core i5-9500 @ 3.00GHz,9853,1589,64.68,LGA 1151v2,4740.5096,6,6
Intel,Intel Core i5-9500E @ 3.00GHz,9104,1666,47.42,LGA 1151v2,5975.04,6,6
Intel,Intel Core i5-9500F @ 3.00GHz,9983,1575,73.14,LGA 1151v2,4247.2576,6,6
Intel,Intel Core i5-9500T @ 2.20GHz,8062,1776,41.99,LGA 1151v2,5975.04,6,6
Intel,Intel Core i5-9500TE @ 2.20GHz,9772,1599,50.9,LGA 1151v2,5975.04,6,6
Intel,Intel Core i5-9600 @ 3.10GHz,10355,1548,87.43,LGA 1151v2,3685.8528,6,6
Intel,Intel Core i5-9600K @ 3.70GHz,10654,1527,73.64,LGA 1151v2,4502.1304,6,6
Intel,Intel Core i5-9600KF @ 3.70GHz,10644,1528,87.04,LGA 1151v2,3805.976,6,6
Intel,Intel Core i5-9600T @ 2.30GHz,9590,1613,45.02,LGA 1151v2,6628.56,6,6
Intel,Intel Core i7-10700 @ 2.90GHz,16043,1159,53.66,LGA 1200,9304.88,8,16
Intel,Intel Core i7-10700E @ 2.90GHz,16086,1155,48.75,LGA 1200,10269.6,8,16
Intel,Intel Core i7-10700F @ 2.90GHz,16099,1154,65.71,LGA 1200,7624.4,8,16
Intel,Intel Core i7-10700K @ 3.80GHz,18541,1003,47.92,LGA 1200,12041.2616,8,16
Intel,Intel Core i7-10700KF @ 3.80GHz,18352,1017,84.73,LGA 1200,6740.2808,8,16
Intel,Intel Core i7-10700T @ 2.00GHz,12904,1368,47.97,LGA 1200,8371.28,8,16
Intel,Intel Core i7-10700TE @ 2.00GHz,13505,1324,40.92,LGA 1200,10269.6,8,16
Intel,Intel Core i7-11700 @ 2.50GHz,20642,884,53.74,LGA 1200,11953.192,8,16
Intel,Intel Core i7-11700F @ 2.50GHz,20783,874,86.24,LGA 1200,7499.6088,8,16
Intel,Intel Core i7-11700K @ 3.60GHz,24344,709,94.36,LGA 1200,8028.96,8,16
Intel,Intel Core i7-11700KF @ 3.60GHz,23824,729,79.68,LGA 1200,9304.88,8,16
Intel,Intel Core i7-11700T @ 1.40GHz,15308,1196,47.39,LGA 1200,10051.76,8,16
Intel,Intel Core i7-11850HE @ 2.60GHz,20111,921,45.71,LGA 1200,13692.8,8,16
Intel,Intel Core i7-12700,29989,515,67.59,LGA 1700,13807.944,12,20
Intel,Intel Core i7-12700E,28437,557,47.4,LGA 1700,18670.7552,12,20
Intel,Intel Core i7-12700F,30310,505,106.36,LGA 1700,8868.8888,12,20
Intel,Intel Core i7-12700K,34317,410,83.91,LGA 1700,12728.08,12,20
Intel,Intel Core i7-12700KF,34040,413,126.55,LGA 1700,8370.9688,12,20
Intel,Intel Core i7-12700T,21235,851,62.64,LGA 1700,10549.68,12,20
Intel,Intel Core i7-12700TE,19946,931,57.98,LGA 1700,10705.28,12,20
Intel,Intel Core i7-12800HE,26096,639,51.57,LGA 1700,15746.72,14,20
Intel,Intel Core i7-13700,36193,384,79.41,LGA 1700,14183.2512,16,24
Intel,Intel Core i7-13700E,33834,419,86.75,LGA 1700,12136.8,16,24
Intel,Intel Core i7-13700F,38017,362,94.67,LGA 1700,12497.1696,16,24
Intel,Intel Core i7-13700K,45744,278,83.32,LGA 1700,17084.88,16,24
Intel,Intel Core i7-13700KF,45649,281,116.57,LGA 1700,12186.592,16,24
Intel,Intel Core i7-13700T,27851,578,72.53,LGA 1700,11950.08,16,24
Intel,Intel Core i7-13700TE,21802,823,55.9,LGA 1700,12136.8,16,24
Intel,Intel Core i7-13790F,42202,310,134.09,LGA 1700,9794.7088,16,24
Intel,Intel Core i7-13800HRE,19884,938,40.09,LGA 1700,15435.52,14,20
Intel,Intel Core i7-14700,40794,327,110.16,LGA 1700,11524.3584,20,28
Intel,Intel Core i7-14700F,41440,318,121.9,LGA 1700,10578.9328,20,28
Intel,Intel Core i7-14700K,52121,223,142.02,LGA 1700,11420.7288,20,28
Intel,Intel Core i7-14700KF,52187,222,149.11,LGA 1700,10891.6888,20,28
Intel,Intel Core i7-14700T,31285,474,81.47,LGA 1700,11950.08,20,28
Intel,Intel Core i7-14701E,26021,643,66.38,LGA 1700,12199.04,20,28
Intel,Intel Core i7-14701TE,26039,642,66.43,LGA 1700,12199.04,20,28
Intel,Intel Core i7-2600 @ 3.40GHz,5344,2302,69.07,LGA 1155,2407.7544,4,8
Intel,Intel Core i7-2600K @ 3.40GHz,5480,2272,46.24,LGA 1155,3688.3424,4,8
Intel,Intel Core i7-2600S @ 2.80GHz,4645,2456,32.14,LGA 1155,4497.1512,4,8
Intel,Intel Core i7-2630QM @ 2.00GHz,3553,2769,18.71,LGA 1155,5911.244,4,8
Intel,Intel Core i7-2670QM @ 2.20GHz,3734,2711,47.86,LGA 1155,2427.9824,4,8
Intel,Intel Core i7-2700K @ 3.50GHz,5694,2214,64.66,LGA 1155,2740.4272,4,8
Intel,Intel Core i7-2720QM @ 2.20GHz,4020,2616,47.29,LGA 1155,2645.2,4,8
Intel,Intel Core i7-2760QM @ 2.40GHz,4297,2538,35.22,LGA 1155,3797.2624,4,8
Intel,Intel Core i7-2820QM @ 2.30GHz,4355,2527,11.77,LGA 1155,11512.844,4,8
Intel,Intel Core i7-2860QM @ 2.50GHz,4580,2472,45.8,LGA 1155,3112,4,8
Intel,Intel Core i7-2920XM @ 2.50GHz,4318,2535,35.99,LGA 1155,3734.4,4,8
Intel,Intel Core i7-2960XM @ 2.70GHz,4646,2455,16.68,LGA 1155,8667.5424,4,8
Intel,Intel Core i7-3610QM @ 2.30GHz,5142,2356,17.14,LGA 1155,9334.444,4,8
Intel,Intel Core i7-3630QM @ 2.40GHz,5128,2359,22.3,LGA 1155,7156.044,4,8
Intel,Intel Core i7-3632QM @ 2.20GHz,4746,2432,27.93,LGA 1155,5288.844,4,8
Intel,Intel Core i7-3720QM @ 2.60GHz,5579,2243,55.81,LGA 1155,3110.444,4,8
Intel,Intel Core i7-3740QM @ 2.70GHz,5708,2210,26.73,LGA 1155,6644.7424,4,8
Intel,Intel Core i7-3770 @ 3.40GHz,6413,2059,108.7,LGA 1155,1836.08,4,8
Intel,Intel Core i7-3770K @ 3.50GHz,6507,2040,61.98,LGA 1155,3267.2888,4,8
Intel,Intel Core i7-3770S @ 3.10GHz,6172,2110,42.87,LGA 1155,4480.6576,4,8
Intel,Intel Core i7-3770T @ 2.50GHz,5416,2286,34.59,LGA 1155,4873.0808,4,8
Intel,Intel Core i7-3820 @ 3.60GHz,5789,2190,16.55,LGA 1155,10888.2656,4,8
Intel,Intel Core i7-3820QM @ 2.70GHz,5620,2230,10.24,LGA 1155,17084.88,4,8
Intel,Intel Core i7-3840QM @ 2.80GHz,5834,2178,10.63,LGA 1155,17080.8344,4,8
Intel,Intel Core i7-3930K @ 3.20GHz,8199,1759,13.27,LGA 1155,19224.0688,6,12
Intel,Intel Core i7-3940XM @ 3.00GHz,6012,2150,17.48,LGA 1155,10706.5248,4,8
Intel,Intel Core i7-3960X @ 3.30GHz,8409,1732,35.42,LGA 1155,7388.1992,6,12
Intel,Intel Core i7-3970X @ 3.50GHz,8603,1712,49.16,LGA 1155,5446,6,12
Intel,Intel Core i7-4700HQ @ 2.40GHz,5583,2241,14.58,LGA 1150,11918.96,4,8
Intel,Intel Core i7-4700MQ @ 2.40GHz,5356,2297,28.48,LGA 1150,5851.1824,4,8
Intel,Intel Core i7-4702MQ @ 2.20GHz,5177,2347,14.71,LGA 1150,10955.796,4,8
Intel,Intel Core i7-4710HQ @ 2.50GHz,5544,2253,14.67,LGA 1150,11763.36,4,8
Intel,Intel Core i7-4710MQ @ 2.50GHz,5799,2187,21.35,LGA 1150,8451.2584,4,8
Intel,Intel Core i7-4712HQ @ 2.30GHz,5336,2304,133.43,LGA 1150,1244.4888,4,8
Intel,Intel Core i7-4765T @ 2.00GHz,5032,2380,10.09,LGA 1150,15527.324,4,8
Intel,Intel Core i7-4770 @ 3.40GHz,7064,1931,79.45,LGA 1150,2767.1904,4,8
Intel,Intel Core i7-4770K @ 3.50GHz,7145,1920,72.17,LGA 1150,3080.88,4,8
Intel,Intel Core i7-4770S @ 3.10GHz,6729,1999,41.32,LGA 1150,5068.2032,4,8
Intel,Intel Core i7-4770T @ 2.50GHz,5798,2189,77.31,LGA 1150,2333.6888,4,8
Intel,Intel Core i7-4771 @ 3.50GHz,7144,1921,27.86,LGA 1150,7980.1016,4,8
Intel,Intel Core i7-4790 @ 3.60GHz,7259,1896,76.41,LGA 1150,2956.4,4,8
Intel,Intel Core i7-4790K @ 4.00GHz,8062,1777,71.51,LGA 1150,3508.1576,4,8
Intel,Intel Core i7-4790S @ 3.20GHz,6972,1954,51.08,LGA 1150,4246.9464,4,8
Intel,Intel Core i7-4790T @ 2.70GHz,6303,2086,25.22,LGA 1150,7776.2656,4,8
Intel,Intel Core i7-4800MQ @ 2.70GHz,5779,2193,41.87,LGA 1150,4295.1824,4,8
Intel,Intel Core i7-4810MQ @ 2.80GHz,6044,2139,40.31,LGA 1150,4666.444,4,8
Intel,Intel Core i7-4820K @ 3.70GHz,6517,2038,32.6,LGA 1150,6220.2656,4,8
Intel,Intel Core i7-4850HQ @ 2.30GHz,6145,2116,14.16,LGA 1150,13506.08,4,8
Intel,Intel Core i7-4900MQ @ 2.80GHz,6200,2102,31,LGA 1150,6224,4,8
Intel,Intel Core i7-4910MQ @ 2.90GHz,6281,2091,10.56,LGA 1150,18514.5328,4,8
Intel,Intel Core i7-4930K @ 3.40GHz,9382,1634,94.15,LGA 1150,3100.7968,6,12
Intel,Intel Core i7-4940MX @ 3.10GHz,6783,1986,9.69,LGA 1150,21782.444,4,8
Intel,Intel Core i7-4960HQ @ 2.60GHz,6368,2069,10.22,LGA 1150,19387.76,4,8
Intel,Intel Core i7-4960X @ 3.60GHz,9933,1584,44.67,LGA 1150,6920.1544,6,12
Intel,Intel Core i7-6700 @ 3.40GHz,8038,1783,77.87,LGA 1151,3212.5176,4,8
Intel,Intel Core i7-6700HQ @ 2.60GHz,6520,2037,17.25,LGA 1151,11763.36,4,8
Intel,Intel Core i7-6700K @ 4.00GHz,8938,1684,83.67,LGA 1151,3324.5496,4,8
Intel,Intel Core i7-6700T @ 2.80GHz,6990,1951,70.61,LGA 1151,3080.88,4,8
Intel,Intel Core i7-6770HQ @ 2.60GHz,7019,1942,11.34,LGA 1151,19263.28,4,8
Intel,Intel Core i7-6800K @ 3.40GHz,10715,1523,130.75,LGA 1151,2550.284,6,12
Intel,Intel Core i7-6850K @ 3.60GHz,11368,1474,158.97,LGA 1151,2225.3912,6,12
Intel,Intel Core i7-6900K @ 3.20GHz,14649,1233,147.97,LGA 1151,3080.88,8,16
Intel,Intel Core i7-6920HQ @ 2.90GHz,7269,1893,12.8,LGA 1151,17676.16,4,8
Intel,Intel Core i7-6950X @ 3.00GHz,17586,1070,103.95,LGA 1151,5264.8816,10,20
Intel,Intel Core i7-7700 @ 3.60GHz,8642,1704,67.74,LGA 1151,3969.9784,4,8
Intel,Intel Core i7-7700HQ @ 2.80GHz,6884,1970,18.21,LGA 1151,11763.36,4,8
Intel,Intel Core i7-7700K @ 4.20GHz,9633,1610,50.97,LGA 1151,5881.68,4,8
Intel,Intel Core i7-7700T @ 2.90GHz,7523,1853,54.12,LGA 1151,4325.68,4,8
Intel,Intel Core i7-7740X @ 4.30GHz,9689,1606,80.47,LGA 1151,3746.848,4,8
Intel,Intel Core i7-7800X @ 3.50GHz,12987,1364,171.05,LGA 1151,2362.9416,6,12
Intel,Intel Core i7-7820EQ @ 3.00GHz,7061,1933,18.68,LGA 1151,11763.36,4,8
Intel,Intel Core i7-7820HQ @ 2.90GHz,7160,1916,18.94,LGA 1151,11763.36,4,8
Intel,Intel Core i7-7820X @ 3.60GHz,17195,1096,86.8,LGA 1151,6164.5608,8,16
Intel,Intel Core i7-7920HQ @ 3.10GHz,7307,1887,12.86,LGA 1151,17676.16,4,8
Intel,Intel Core i7-8086K @ 4.00GHz,14070,1277,54.32,LGA 1151v2,8060.08,6,12
Intel,Intel Core i7-860 @ 2.80GHz,3021,3008,23.24,LGA 1156,4044.044,4,8
Intel,Intel Core i7-8665UE @ 1.70GHz,4852,2413,11.86,LGA 1151v2,12728.08,4,8
Intel,Intel Core i7-870 @ 2.93GHz,3167,2940,24.36,LGA 1156,4045.6,4,8
Intel,Intel Core i7-8700 @ 3.20GHz,12746,1379,93.6,LGA 1151v2,4237.6104,6,12
Intel,Intel Core i7-8700B @ 3.20GHz,11782,1439,38.88,LGA 1151v2,9429.36,6,12
Intel,Intel Core i7-8700K @ 3.70GHz,13572,1318,84.52,LGA 1151v2,4996.9384,6,12
Intel,Intel Core i7-8700T @ 2.40GHz,10226,1560,39.2,LGA 1151v2,8117.9632,6,12
Intel,Intel Core i7-880 @ 3.07GHz,3429,2816,48.99,LGA 1156,2178.0888,4,8
Intel,Intel Core i7-920 @ 2.67GHz,2869,3081,35.86,LGA 1156,2489.6,4,8
Intel,Intel Core i7-930 @ 2.80GHz,3005,3018,13.98,LGA 1156,6690.8,4,8
Intel,Intel Core i7-940 @ 2.93GHz,3050,2998,8.77,LGA 1156,10829.76,4,8
Intel,Intel Core i7-950 @ 3.07GHz,3257,2893,38.71,LGA 1156,2618.748,4,8
Intel,Intel Core i7-960 @ 3.20GHz,3394,2834,16.97,LGA 1156,6224,4,8
Intel,Intel Core i7-965 @ 3.20GHz,3375,2845,22.51,LGA 1156,4666.444,4,8
Intel,Intel Core i7-970 @ 3.20GHz,6559,2027,12.53,LGA 1156,16283.8512,6,12
Intel,Intel Core i7-9700 @ 3.00GHz,13202,1340,57.24,LGA 1151v2,7177.2056,8,8
Intel,Intel Core i7-9700E @ 2.60GHz,12561,1391,38.89,LGA 1151v2,10051.76,8,8
Intel,Intel Core i7-9700F @ 3.00GHz,13165,1346,83.18,LGA 1151v2,4925.3624,8,8
Intel,Intel Core i7-9700K @ 3.60GHz,14402,1248,76.2,LGA 1151v2,5881.68,8,8
Intel,Intel Core i7-9700KF @ 3.60GHz,14247,1259,72.59,LGA 1151v2,6107.9224,8,8
Intel,Intel Core i7-9700T @ 2.00GHz,10551,1533,25.67,LGA 1151v2,12792.8096,8,8
Intel,Intel Core i7-9700TE @ 1.80GHz,9720,1605,30.09,LGA 1151v2,10051.76,8,8
Intel,Intel Core i7-975 @ 3.33GHz,3532,2777,7.71,LGA 1156,14256.072,4,8
Intel,Intel Core i7-9750HF @ 2.60GHz,10344,1551,26.19,LGA 1151v2,12292.4,6,12
Intel,Intel Core i7-980 @ 3.33GHz,6908,1967,19.74,LGA 1156,10890.444,6,12
Intel,Intel Core i7-9800X @ 3.80GHz,18145,1031,86.14,LGA 1151v2,6555.1168,8,16
Intel,Intel Core i7-9850HE @ 2.70GHz,9972,1577,25.25,LGA 1151v2,12292.4,6,12
Intel,Intel Core i7-9850HL @ 1.90GHz,7897,1799,19.99,LGA 1151v2,12292.4,6,12
Intel,Intel Core i9-10850K @ 3.60GHz,21920,814,70.84,LGA 1200,9630.084,10,20
Intel,Intel Core i9-10900 @ 2.80GHz,19120,975,48.3,LGA 1200,12320.7192,10,20
Intel,Intel Core i9-10900E @ 2.80GHz,19048,979,42.9,LGA 1200,13817.28,10,20
Intel,Intel Core i9-10900F @ 2.80GHz,19774,941,47.07,LGA 1200,13073.512,10,20
Intel,Intel Core i9-10900K @ 3.70GHz,22325,794,34.74,LGA 1200,19998.3344,10,20
Intel,Intel Core i9-10900KF @ 3.70GHz,22213,797,62.17,LGA 1200,11118.8648,10,20
Intel,Intel Core i9-10900T @ 1.90GHz,14735,1225,42.1,LGA 1200,10891.6888,10,20
Intel,Intel Core i9-10900TE @ 1.80GHz,14159,1270,31.89,LGA 1200,13817.28,10,20
Intel,Intel Core i9-10900X @ 3.70GHz,22368,791,51.01,LGA 1200,13646.7424,10,20
Intel,Intel Core i9-10920X @ 3.50GHz,25818,650,68.18,LGA 1200,11784.2104,12,24
Intel,Intel Core i9-10940X @ 3.30GHz,27651,588,46.95,LGA 1200,18329.68,14,28
Intel,Intel Core i9-10980XE @ 3.00GHz,32023,458,32.02,LGA 1200,31119.6888,18,36
Intel,Intel Core i9-11900 @ 2.50GHz,22336,793,28.02,LGA 1200,24806.6856,8,16
Intel,Intel Core i9-11900F @ 2.50GHz,22089,804,37.73,LGA 1200,18220.76,8,16
Intel,Intel Core i9-11900K @ 3.50GHz,24952,681,63.52,LGA 1200,12225.492,8,16
Intel,Intel Core i9-11900KB @ 3.30GHz,22748,771,42.2,LGA 1200,16773.68,8,16
Intel,Intel Core i9-11900KF @ 3.50GHz,24544,696,55.91,LGA 1200,13661.68,8,16
Intel,Intel Core i9-11900T @ 1.50GHz,18620,1001,42.41,LGA 1200,13661.68,8,16
Intel,Intel Core i9-12900,33659,422,84.36,LGA 1700,12415.9464,16,24
Intel,Intel Core i9-12900F,35816,388,96.8,LGA 1700,11514.0888,16,24
Intel,Intel Core i9-12900K,41153,322,110.63,LGA 1700,11576.64,16,24
Intel,Intel Core i9-12900KF,40740,328,119.83,LGA 1700,10580.4888,16,24
Intel,Intel Core i9-12900KS,43470,301,72.52,LGA 1700,18654.884,16,24
Intel,Intel Core i9-12900T,29143,535,59.6,LGA 1700,15217.68,16,24
Intel,Intel Core i9-12900TE,24017,720,44.15,LGA 1700,16929.28,16,24
Intel,Intel Core i9-13900,45006,290,90.01,LGA 1700,15559.6888,24,32
Intel,Intel Core i9-13900E,40303,334,72.75,LGA 1700,17240.48,24,32
Intel,Intel Core i9-13900F,48517,259,87.78,LGA 1700,17200.6464,24,32
Intel,Intel Core i9-13900K,58283,176,107.93,LGA 1700,16804.4888,24,32
Intel,Intel Core i9-13900KF,57675,180,102.22,LGA 1700,17559.1488,24,32
Intel,Intel Core i9-13900KS,60519,157,122.95,LGA 1700,15318.1976,24,32
Intel,Intel Core i9-13900T,42285,309,77.02,LGA 1700,17084.88,24,32
Intel,Intel Core i9-13900TE,20602,889,37.19,LGA 1700,17240.48,24,32
Intel,Intel Core i9-14900,45166,288,76.56,LGA 1700,18359.8664,24,32
Intel,Intel Core i9-14900F,46707,270,79.6,LGA 1700,18260.2824,24,32
Intel,Intel Core i9-14900K,58445,174,124.62,LGA 1700,14594.9688,24,32
Intel,Intel Core i9-14900KF,58328,175,125.17,LGA 1700,14501.6088,24,32
Intel,Intel Core i9-14900KS,60309,160,78.51,LGA 1700,23906.0728,24,32
Intel,Intel Core i9-14901E,30298,506,54.4,LGA 1700,17333.84,24,32
Intel,Intel Core i9-7900X @ 3.30GHz,20886,867,94.77,LGA 1151,6858.2256,10,20
Intel,Intel Core i9-7920X @ 2.90GHz,23483,743,53.76,LGA 1151,13592.2824,12,24
Intel,Intel Core i9-7940X @ 3.10GHz,25433,663,92.86,LGA 1151,8523.1456,14,28
Intel,Intel Core i9-7960X @ 2.80GHz,27639,589,62.73,LGA 1151,13711.1608,16,32
Intel,Intel Core i9-7980XE @ 2.60GHz,29605,522,60.42,LGA 1151,15248.1776,18,36
Intel,Intel Core i9-9820X @ 3.30GHz,20520,894,73.2,LGA 1151v2,8723.2472,10,20
Intel,Intel Core i9-9900 @ 3.10GHz,16234,1144,31.89,LGA 1151v2,15840.08,8,16
Intel,Intel Core i9-9900K @ 3.60GHz,18081,1039,60.59,LGA 1151v2,9286.5192,8,16
Intel,Intel Core i9-9900KF @ 3.60GHz,18030,1045,60.3,LGA 1151v2,9304.88,8,16
Intel,Intel Core i9-9900T @ 2.10GHz,13112,1352,29.87,LGA 1151v2,13661.68,8,16
Intel,Intel Core i9-9900X @ 3.50GHz,21671,827,87.14,LGA 1151v2,7739.2328,10,20
Intel,Intel Core i9-9920X @ 3.50GHz,24760,690,113.41,LGA 1151v2,6794.1184,12,24
Intel,Intel Core i9-9940X @ 3.30GHz,28003,574,30.07,LGA 1151v2,28982.9896,14,28
Intel,Intel Core i9-9960X @ 3.10GHz,29634,520,148.12,LGA 1151v2,6225.8672,16,32
Intel,Intel Core i9-9980XE @ 3.00GHz,31480,469,53.09,LGA 1151v2,18453.8488,18,36
Intel,Intel Xeon 6315P,11721,1446,55.03,LGA 4710 / 7529,6628.56,8,16
Intel,Intel Xeon 6333P,20656,883,64.75,LGA 4710 / 7529,9927.28,16,32
Intel,Intel Xeon 6337P,21289,848,56.77,LGA 4710 / 7529,11670,18,36
Intel,Intel Xeon 6349P,25953,646,51.29,LGA 4710 / 7529,15746.72,24,48
Intel,Intel Xeon 6353P,26405,629,61.98,LGA 4710 / 7529,13257.12,24,48
Intel,Intel Xeon 6357P,30401,501,54.68,LGA 4710 / 7529,17302.72,28,56
Intel,Intel Xeon 6369P,30315,504,50.02,LGA 4710 / 7529,18858.72,28,56
Intel,Intel Xeon 6505P,39341,346,69.88,LGA 4710 / 7529,17520.56,24,48
Intel,Intel Xeon 6507P,31233,478,40.83,LGA 4710 / 7529,23806.8,16,32
Intel,Intel Xeon 6511P,45687,279,56.06,LGA 4710 / 7529,25362.8,24,48
Intel,Intel Xeon 6515P,40720,329,55.03,LGA 4710 / 7529,23028.8,32,64
Intel,Intel Xeon Bronze 3106 @ 1.70GHz,5768,2197,10.18,LGA 3647,17627.924,8,8
Intel,Intel Xeon Bronze 3204 @ 1.90GHz,4795,2423,14.78,LGA 3647,10096.884,6,6
Intel,Intel Xeon Bronze 3206R @ 1.90GHz,6777,1988,22.15,LGA 3647,9522.72,8,8
Intel,Intel Xeon Bronze 3408U,9969,1578,24.02,LGA 4677,12914.8,8,8
Intel,Intel Xeon Bronze 3508U,11248,1483,25.56,LGA 4677,13697.1568,8,8
Intel,Intel Xeon E E-2414,11946,1427,38.97,LGA 1700,9539.2136,4,4
Intel,Intel Xeon E E-2434,15137,1206,53.87,LGA 1700,8744.72,4,8
Intel,Intel Xeon E E-2486,23605,737,46.65,LGA 1700,15746.72,6,12
Intel,Intel Xeon E-2436,21708,824,68.05,LGA 1700,9927.28,6,12
Intel,Intel Xeon E-2456,20705,881,55.21,LGA 1700,11670,6,12
Intel,Intel Xeon E-2468,26652,620,62.56,LGA 1700,13257.12,8,16
Intel,Intel Xeon E-2478,27817,582,50.03,LGA 1700,17302.72,8,16
Intel,Intel Xeon E-2488,31462,471,51.92,LGA 1700,18858.72,8,16
Intel,Intel Xeon E3-1205 v6 @ 3.00GHz,5682,2216,29.44,LGA 1151,6006.16,4,4
Intel,Intel Xeon E3-1220 @ 3.10GHz,3867,2659,10.31,LGA 1155,11670,4,4
Intel,Intel Xeon E3-1220 V2 @ 3.10GHz,4674,2443,11.71,LGA 1155,12416.88,4,4
Intel,Intel Xeon E3-1220 v3 @ 3.10GHz,5182,2345,57.61,LGA 1150,2799.244,4,4
Intel,Intel Xeon E3-1220 v6 @ 3.00GHz,5589,2239,29.42,LGA 1151,5911.244,4,4
Intel,Intel Xeon E3-1220L V2 @ 2.30GHz,2551,3253,14.36,LGA 1155,5528.7792,2,4
Intel,Intel Xeon E3-1225 @ 3.10GHz,3906,2649,18.97,LGA 1155,6406.9856,4,4
Intel,Intel Xeon E3-1225 V2 @ 3.20GHz,4708,2438,22.43,LGA 1155,6530.8432,4,4
Intel,Intel Xeon E3-1225 v3 @ 3.20GHz,5309,2313,177.04,LGA 1150,933.2888,4,4
Intel,Intel Xeon E3-1225 v5 @ 3.30GHz,5957,2159,34.04,LGA 1151,5446,4,4
Intel,Intel Xeon E3-1225 v6 @ 3.30GHz,5780,2192,57.8,LGA 1151,3112,4,4
Intel,Intel Xeon E3-1226 v3 @ 3.30GHz,5523,2259,8.64,LGA 1150,19885.68,4,4
Intel,Intel Xeon E3-1230 @ 3.20GHz,5148,2355,16.14,LGA 1155,9927.28,4,8
Intel,Intel Xeon E3-1230 V2 @ 3.30GHz,6181,2108,19.02,LGA 1155,10114,4,8
Intel,Intel Xeon E3-1230 v3 @ 3.30GHz,6843,1975,22.15,LGA 1150,9616.08,4,8
Intel,Intel Xeon E3-1230 v5 @ 3.40GHz,7927,1798,22.65,LGA 1151,10890.444,4,8
Intel,Intel Xeon E3-1230 v6 @ 3.50GHz,8094,1774,17.99,LGA 1151,14002.444,4,8
Intel,Intel Xeon E3-1230L v3 @ 1.80GHz,5305,2317,21.22,LGA 1150,7780,4,8
Intel,Intel Xeon E3-1231 v3 @ 3.40GHz,7036,1936,20.11,LGA 1150,10890.444,4,8
Intel,Intel Xeon E3-1235 @ 3.20GHz,5037,2377,18.65,LGA 1155,8402.4,4,8
Intel,Intel Xeon E3-1240 @ 3.30GHz,5359,2295,137.44,LGA 1155,1213.3688,4,8
Intel,Intel Xeon E3-1240 V2 @ 3.40GHz,6387,2061,42.58,LGA 1155,4668,4,8
Intel,Intel Xeon E3-1240 v3 @ 3.40GHz,7005,1949,38.37,LGA 1150,5681.2672,4,8
Intel,Intel Xeon E3-1240 v5 @ 3.50GHz,8252,1751,10.28,LGA 1151,24989.36,4,8
Intel,Intel Xeon E3-1240 v6 @ 3.70GHz,8729,1697,20.31,LGA 1151,13378.488,4,8
Intel,Intel Xeon E3-1240L v3 @ 2.00GHz,5660,2221,6.32,LGA 1150,27867.96,4,8
Intel,Intel Xeon E3-1240L v5 @ 2.10GHz,6547,2030,23.55,LGA 1151,8651.36,4,8
Intel,Intel Xeon E3-1241 v3 @ 3.50GHz,7160,1915,28.11,LGA 1150,7927.5088,4,8
Intel,Intel Xeon E3-1245 @ 3.30GHz,5348,2300,6.15,LGA 1155,27074.4,4,8
Intel,Intel Xeon E3-1245 V2 @ 3.40GHz,6358,2073,31.08,LGA 1155,6364.9736,4,8
Intel,Intel Xeon E3-1245 v3 @ 3.40GHz,7013,1944,18.12,LGA 1150,12043.44,4,8
Intel,Intel Xeon E3-1245 v6 @ 3.70GHz,8691,1700,73.2,LGA 1151,3694.8776,4,8
Intel,Intel Xeon E3-1246 v3 @ 3.50GHz,7220,1904,9.53,LGA 1150,23588.96,4,8
Intel,Intel Xeon E3-1260L @ 2.40GHz,4076,2601,15.1,LGA 1155,8402.0888,4,8
Intel,Intel Xeon E3-1260L v5 @ 2.90GHz,8254,1749,31.91,LGA 1151,8050.744,4,8
Intel,Intel Xeon E3-1265L @ 2.40GHz,3912,2645,14.55,LGA 1155,8370.6576,4,8
Intel,Intel Xeon E3-1265L V2 @ 2.50GHz,5066,2372,10.93,LGA 1155,14420.6968,4,8
Intel,Intel Xeon E3-1265L v3 @ 2.50GHz,6167,2112,15.46,LGA 1150,12415.324,4,8
Intel,Intel Xeon E3-1268L v5 @ 2.40GHz,6334,2079,13.87,LGA 1151,14207.5248,4,8
Intel,Intel Xeon E3-1270 @ 3.40GHz,5375,2294,30.2,LGA 1155,5539.36,4,8
Intel,Intel Xeon E3-1270 V2 @ 3.50GHz,6497,2045,46.46,LGA 1155,4352.132,4,8
Intel,Intel Xeon E3-1270 v3 @ 3.50GHz,7230,1901,17.63,LGA 1150,12759.2,4,8
Intel,Intel Xeon E3-1270 v5 @ 3.60GHz,8319,1740,21.2,LGA 1151,12213.044,4,8
Intel,Intel Xeon E3-1270 v6 @ 3.80GHz,8959,1682,35.85,LGA 1151,7778.444,4,8
Intel,Intel Xeon E3-1271 v3 @ 3.60GHz,7437,1866,60.22,LGA 1150,3843.32,4,8
Intel,Intel Xeon E3-1275 @ 3.40GHz,5491,2267,34.32,LGA 1155,4979.2,4,8
Intel,Intel Xeon E3-1275 V2 @ 3.50GHz,6655,2010,19.2,LGA 1155,10785.5696,4,8
Intel,Intel Xeon E3-1275 v3 @ 3.50GHz,7129,1924,20.01,LGA 1150,11085.2552,4,8
Intel,Intel Xeon E3-1275 v5 @ 3.60GHz,8305,1742,18.7,LGA 1151,13818.5248,4,8
Intel,Intel Xeon E3-1275 v6 @ 3.80GHz,9198,1657,18.43,LGA 1151,15527.324,4,8
Intel,Intel Xeon E3-1276 v3 @ 3.60GHz,7563,1847,12.85,LGA 1150,18321.2776,4,8
Intel,Intel Xeon E3-1280 @ 3.50GHz,5612,2234,11.31,LGA 1155,15442.0552,4,8
Intel,Intel Xeon E3-1280 V2 @ 3.60GHz,6616,2017,17.26,LGA 1155,11926.74,4,8
Intel,Intel Xeon E3-1280 v3 @ 3.60GHz,7208,1906,28.95,LGA 1150,7748.88,4,8
Intel,Intel Xeon E3-1280 v5 @ 3.70GHz,8254,1750,27.61,LGA 1151,9303.324,4,8
Intel,Intel Xeon E3-1280 v6 @ 3.90GHz,9093,1668,16.18,LGA 1151,17489.44,4,8
Intel,Intel Xeon E3-1281 v3 @ 3.70GHz,7547,1850,13.82,LGA 1150,16999.3,4,8
Intel,Intel Xeon E3-1285 v6 @ 4.10GHz,9552,1616,9.65,LGA 1151,30807.244,4,8
Intel,Intel Xeon E3-1285L v3 @ 3.10GHz,6874,1971,7.65,LGA 1150,27961.32,4,8
Intel,Intel Xeon E3-1286 v3 @ 3.70GHz,7879,1800,9.39,LGA 1150,26109.68,4,8
Intel,Intel Xeon E3-1286L v3 @ 3.20GHz,6929,1960,8.95,LGA 1150,24086.88,4,8
Intel,Intel Xeon E3-1290 @ 3.60GHz,5429,2280,6.13,LGA 1155,27541.2,4,8
Intel,Intel Xeon E3-1290 V2 @ 3.70GHz,6354,2075,7.18,LGA 1155,27541.2,4,8
Intel,Intel Xeon E3-1535M v5 @ 2.90GHz,7493,1854,12.03,LGA 1151,19387.76,4,8
Intel,Intel Xeon E3-1535M v6 @ 3.10GHz,8109,1770,13.02,LGA 1151,19387.76,4,8
Intel,Intel Xeon E3-1558L v5 @ 1.90GHz,7634,1837,19.28,LGA 1151,12323.52,4,8
Intel,Intel Xeon E3-1585 v5 @ 3.50GHz,8408,1733,15.12,LGA 1151,17302.72,4,8
Intel,Intel Xeon E3-1585L v5 @ 3.00GHz,7959,1796,17.88,LGA 1151,13848.4,4,8
Intel,Intel Xeon E5-1410 @ 2.80GHz,4852,2414,107.85,LGA 2011,1400.0888,4,8
Intel,Intel Xeon E5-1410 v2 @ 2.80GHz,5715,2207,297.65,LGA 2011,597.504,4,8
Intel,Intel Xeon E5-1428L v2 @ 2.20GHz,6255,2094,307.05,LGA 2011,633.9144,6,12
Intel,Intel Xeon E5-1603 @ 2.80GHz,3477,2797,102.6,LGA 2011,1054.6568,4,4
Intel,Intel Xeon E5-1603 v3 @ 2.80GHz,4457,2499,346.01,LGA 2011-3,400.8256,4,4
Intel,Intel Xeon E5-1607 @ 3.00GHz,3790,2688,328.69,LGA 2011,358.8136,4,4
Intel,Intel Xeon E5-1607 v2 @ 3.00GHz,4137,2576,17.99,LGA 2011,7156.044,4,4
Intel,Intel Xeon E5-1607 v4 @ 3.10GHz,5171,2351,29.05,LGA 2011-3,5539.9824,4,4
Intel,Intel Xeon E5-1620 @ 3.60GHz,5845,2177,83.5,LGA 2011,2178.4,4,8
Intel,Intel Xeon E5-1620 v2 @ 3.70GHz,6498,2044,21.02,LGA 2011,9621.9928,4,8
Intel,Intel Xeon E5-1620 v3 @ 3.50GHz,6958,1955,36.63,LGA 2011-3,5911.244,4,8
Intel,Intel Xeon E5-1620 v4 @ 3.50GHz,7316,1886,23.59,LGA 2011-3,9650.312,4,8
Intel,Intel Xeon E5-1630 v3 @ 3.70GHz,7416,1871,24.81,LGA 2011-3,9303.324,4,8
Intel,Intel Xeon E5-1650 @ 3.20GHz,8046,1781,54.93,LGA 2011,4558.1464,6,12
Intel,Intel Xeon E5-1650 v2 @ 3.50GHz,9306,1643,40.47,LGA 2011,7156.044,6,12
Intel,Intel Xeon E5-1650 v4 @ 3.60GHz,11328,1479,26.35,LGA 2011-3,13380.044,6,12
Intel,Intel Xeon E5-1660 @ 3.30GHz,8324,1739,31.15,LGA 2011,8314.9528,6,12
Intel,Intel Xeon E5-1660 v2 @ 3.70GHz,10297,1554,35.51,LGA 2011,9023.244,6,12
Intel,Intel Xeon E5-1660 v3 @ 3.00GHz,12559,1392,63.25,LGA 2011-3,6178.876,8,16
Intel,Intel Xeon E5-1660 v4 @ 3.20GHz,13282,1334,37.69,LGA 2011-3,10965.4432,8,16
Intel,Intel Xeon E5-1680 v3 @ 3.20GHz,13302,1333,33.34,LGA 2011-3,12415.324,8,16
Intel,Intel Xeon E5-2403 @ 1.80GHz,2367,3367,157.92,LGA 2011,466.4888,4,4
Intel,Intel Xeon E5-2403 v2 @ 1.80GHz,2672,3174,4.94,LGA 2011,16835.92,4,4
Intel,Intel Xeon E5-2407 @ 2.20GHz,2628,3198,105.12,LGA 2011,778,4,4
Intel,Intel Xeon E5-2407 v2 @ 2.40GHz,3354,2858,83.87,LGA 2011,1244.4888,4,4
Intel,Intel Xeon E5-2418L v2 @ 2.00GHz,5380,2291,8.86,LGA 2011,18889.84,6,12
Intel,Intel Xeon E5-2420 @ 1.90GHz,5018,2381,14.11,LGA 2011,11064.716,6,12
Intel,Intel Xeon E5-2420 v2 @ 2.20GHz,6349,2077,56.69,LGA 2011,3485.1288,6,12
Intel,Intel Xeon E5-2430 @ 2.20GHz,5770,2196,147.95,LGA 2011,1213.68,6,12
Intel,Intel Xeon E5-2430L @ 2.00GHz,5300,2318,21.2,LGA 2011,7778.444,6,12
Intel,Intel Xeon E5-2440 v2 @ 1.90GHz,7565,1846,58.22,LGA 2011,4044.044,8,16
Intel,Intel Xeon E5-2450 @ 2.10GHz,7534,1851,153.75,LGA 2011,1524.88,8,16
Intel,Intel Xeon E5-2450 v2 @ 2.50GHz,9084,1669,31.88,LGA 2011,8867.644,8,16
Intel,Intel Xeon E5-2450L @ 1.80GHz,6047,2137,77.53,LGA 2011,2427.36,8,16
Intel,Intel Xeon E5-2470 @ 2.30GHz,8325,1738,66.25,LGA 2011,3910.5392,8,16
Intel,Intel Xeon E5-2470 v2 @ 2.40GHz,10702,1524,214.25,LGA 2011,1554.444,10,20
Intel,Intel Xeon E5-2603 @ 1.80GHz,2335,3389,5.77,LGA 2011,12584.928,4,4
Intel,Intel Xeon E5-2603 v2 @ 1.80GHz,2735,3143,2.76,LGA 2011,30871.04,4,4
Intel,Intel Xeon E5-2603 v3 @ 1.60GHz,3825,2678,81.39,LGA 2011-3,1462.3288,6,6
Intel,Intel Xeon E5-2603 v4 @ 1.70GHz,4494,2489,34.04,LGA 2011-3,4108.7736,6,6
Intel,Intel Xeon E5-2608L v3 @ 2.00GHz,6415,2058,14.55,LGA 2011-3,13723.92,6,12
Intel,Intel Xeon E5-2608L v4 @ 1.60GHz,7447,1864,20.51,LGA 2011-3,11296.56,8,16
Intel,Intel Xeon E5-2609 @ 2.40GHz,2912,3061,42.2,LGA 2011,2147.28,4,4
Intel,Intel Xeon E5-2609 v2 @ 2.50GHz,3339,2862,43.61,LGA 2011,2383.1696,4,4
Intel,Intel Xeon E5-2609 v3 @ 1.90GHz,4499,2488,23.68,LGA 2011-3,5911.244,6,6
Intel,Intel Xeon E5-2609 v4 @ 1.70GHz,5418,2283,169.38,LGA 2011-3,995.5288,8,8
Intel,Intel Xeon E5-2618L v3 @ 2.30GHz,11310,1480,57.99,LGA 2011-3,6069.0224,8,16
Intel,Intel Xeon E5-2618L v4 @ 2.20GHz,12472,1395,13.82,LGA 2011-3,28076.464,10,20
Intel,Intel Xeon E5-2620 @ 2.00GHz,5327,2308,59.22,LGA 2011,2799.244,6,12
Intel,Intel Xeon E5-2620 v2 @ 2.10GHz,6236,2096,63.02,LGA 2011,3079.324,6,12
Intel,Intel Xeon E5-2620 v3 @ 2.40GHz,7760,1816,96.88,LGA 2011-3,2492.712,6,12
Intel,Intel Xeon E5-2620 v4 @ 2.10GHz,9227,1654,167.76,LGA 2011-3,1711.6,8,16
Intel,Intel Xeon E5-2623 v3 @ 3.00GHz,6632,2016,28.84,LGA 2011-3,7156.044,4,8
Intel,Intel Xeon E5-2628 v3 @ 2.50GHz,8447,1730,168.97,LGA 2011-3,1555.6888,8,16
Intel,Intel Xeon E5-2628L v4 @ 1.90GHz,11079,1494,20.94,LGA 2011-3,16468.0816,12,24
Intel,Intel Xeon E5-2629 v3 @ 2.40GHz,9380,1635,18.76,LGA 2011-3,15556.2656,8,16
Intel,Intel Xeon E5-2630 v2 @ 2.60GHz,7484,1857,66.82,LGA 2011,3485.44,6,12
Intel,Intel Xeon E5-2630 v4 @ 2.20GHz,11391,1472,47.44,LGA 2011-3,7471.912,10,20
Intel,Intel Xeon E5-2630L @ 2.00GHz,5305,2316,102.37,LGA 2011,1612.6384,6,12
Intel,Intel Xeon E5-2630L v2 @ 2.40GHz,6640,2013,44.28,LGA 2011,4666.444,6,12
Intel,Intel Xeon E5-2630L v3 @ 1.80GHz,8630,1706,57.55,LGA 2011-3,4666.444,8,16
Intel,Intel Xeon E5-2630L v4 @ 1.80GHz,9966,1579,117.25,LGA 2011-3,2645.2,10,20
Intel,Intel Xeon E5-2637 @ 3.00GHz,2978,3036,37.69,LGA 2011,2458.48,2,4
Intel,Intel Xeon E5-2637 v2 @ 3.50GHz,6453,2052,49.66,LGA 2011,4044.044,4,8
Intel,Intel Xeon E5-2637 v3 @ 3.50GHz,7251,1898,31.53,LGA 2011-3,7156.044,4,8
Intel,Intel Xeon E5-2637 v4 @ 3.50GHz,7463,1860,99.37,LGA 2011-3,2337.112,4,8
Intel,Intel Xeon E5-2640 @ 2.50GHz,6285,2090,48.36,LGA 2011,4044.044,6,12
Intel,Intel Xeon E5-2640 v2 @ 2.00GHz,7632,1838,117.42,LGA 2011,2022.8,8,16
Intel,Intel Xeon E5-2640 v3 @ 2.60GHz,11004,1500,57.93,LGA 2011-3,5911.244,8,16
Intel,Intel Xeon E5-2640 v4 @ 2.40GHz,12466,1396,312.42,LGA 2011-3,1241.688,10,20
Intel,Intel Xeon E5-2643 @ 3.30GHz,5228,2338,249.29,LGA 2011,652.5864,4,8
Intel,Intel Xeon E5-2643 v2 @ 3.50GHz,9186,1660,46.17,LGA 2011,6191.324,6,12
Intel,Intel Xeon E5-2643 v3 @ 3.40GHz,10175,1561,44.25,LGA 2011-3,7156.044,6,12
Intel,Intel Xeon E5-2643 v4 @ 3.40GHz,11031,1498,19.87,LGA 2011-3,17274.712,6,12
Intel,Intel Xeon E5-2648L v2 @ 1.90GHz,8828,1693,9.34,LGA 2011,29408.4,10,20
Intel,Intel Xeon E5-2648L v3 @ 1.80GHz,9847,1590,16.4,LGA 2011-3,18688.4936,12,24
Intel,Intel Xeon E5-2650 @ 2.00GHz,7356,1881,142.86,LGA 2011,1602.3688,8,16
Intel,Intel Xeon E5-2650 v2 @ 2.60GHz,9778,1598,75.25,LGA 2011,4044.044,8,16
Intel,Intel Xeon E5-2650 v4 @ 2.20GHz,13236,1337,441.35,LGA 2011-3,933.2888,12,24
Intel,Intel Xeon E5-2650L @ 1.80GHz,6055,2135,46.6,LGA 2011,4044.044,8,16
Intel,Intel Xeon E5-2650L v2 @ 1.70GHz,7612,1839,195.17,LGA 2011,1213.68,10,20
Intel,Intel Xeon E5-2650L v4 @ 1.70GHz,12753,1378,55.46,LGA 2011-3,7156.044,14,28
Intel,Intel Xeon E5-2651 v2 @ 1.80GHz,9631,1611,34.63,LGA 2011,8654.472,12,24
Intel,Intel Xeon E5-2658 @ 2.10GHz,6232,2098,47.95,LGA 2011,4044.044,8,16
Intel,Intel Xeon E5-2658 v2 @ 2.40GHz,10559,1531,76.52,LGA 2011,4294.2488,10,20
Intel,Intel Xeon E5-2658 v4 @ 2.30GHz,14434,1246,577.58,LGA 2011-3,777.6888,14,28
Intel,Intel Xeon E5-2660 @ 2.20GHz,8074,1775,124.31,LGA 2011,2021.244,8,16
Intel,Intel Xeon E5-2660 v2 @ 2.20GHz,10355,1547,79.69,LGA 2011,4044.044,10,20
Intel,Intel Xeon E5-2660 v4 @ 2.00GHz,15526,1182,316.86,LGA 2011-3,1524.88,14,28
Intel,Intel Xeon E5-2665 @ 2.40GHz,8294,1743,8.48,LGA 2011,30435.36,8,16
Intel,Intel Xeon E5-2667 @ 2.90GHz,7462,1862,10.91,LGA 2011,21286.08,6,12
Intel,Intel Xeon E5-2667 v2 @ 3.30GHz,12165,1413,48.67,LGA 2011,7778.444,8,16
Intel,Intel Xeon E5-2667 v3 @ 3.20GHz,12399,1402,41.47,LGA 2011-3,9303.324,8,16
Intel,Intel Xeon E5-2667 v4 @ 3.20GHz,13779,1304,23.8,LGA 2011-3,18018.48,8,16
Intel,Intel Xeon E5-2670 v2 @ 2.50GHz,11272,1482,59.34,LGA 2011,5911.244,10,20
Intel,Intel Xeon E5-2670 v3 @ 2.30GHz,13471,1328,122.52,LGA 2011-3,3421.644,12,24
Intel,Intel Xeon E5-2673 v3 @ 2.40GHz,13648,1312,19.5,LGA 2011-3,21784,12,24
Intel,Intel Xeon E5-2673 v4 @ 2.30GHz,21124,859,237.34,LGA 2011-3,2769.68,20,40
Intel,Intel Xeon E5-2678 v3 @ 2.50GHz,14659,1231,138.05,LGA 2011-3,3304.6328,12,24
Intel,Intel Xeon E5-2680 v2 @ 2.80GHz,12695,1383,84.66,LGA 2011,4666.444,10,20
Intel,Intel Xeon E5-2680 v3 @ 2.50GHz,14834,1220,69.82,LGA 2011-3,6611.1328,12,24
Intel,Intel Xeon E5-2680 v4 @ 2.40GHz,17229,1094,81.29,LGA 2011-3,6595.884,14,28
Intel,Intel Xeon E5-2683 v3 @ 2.00GHz,14778,1223,77.8,LGA 2011-3,5911.244,14,28
Intel,Intel Xeon E5-2683 v4 @ 2.10GHz,17444,1081,52.87,LGA 2011-3,10268.044,16,32
Intel,Intel Xeon E5-2687W @ 3.10GHz,10021,1571,47.73,LGA 2011,6533.644,8,16
Intel,Intel Xeon E5-2687W v3 @ 3.10GHz,14549,1238,19.4,LGA 2011-3,23338.444,10,20
Intel,Intel Xeon E5-2687W v4 @ 3.00GHz,17738,1062,24.66,LGA 2011-3,22389.284,12,24
Intel,Intel Xeon E5-2689 @ 2.60GHz,9463,1621,51.78,LGA 2011,5687.18,8,16
Intel,Intel Xeon E5-2690 v2 @ 3.00GHz,13337,1329,67.04,LGA 2011,6191.324,10,20
Intel,Intel Xeon E5-2695 v2 @ 2.40GHz,13322,1331,193.07,LGA 2011,2147.28,12,24
Intel,Intel Xeon E5-2695 v3 @ 2.30GHz,16542,1126,48.66,LGA 2011-3,10579.244,14,28
Intel,Intel Xeon E5-2696 v3 @ 2.30GHz,21391,843,39.11,LGA 2011-3,17022.3288,18,36
Intel,Intel Xeon E5-2696 v4 @ 2.20GHz,24529,697,83.15,LGA 2011-3,9180.4,22,44
Intel,Intel Xeon E5-2697 v2 @ 2.70GHz,14251,1257,73.67,LGA 2011,6019.8528,12,24
Intel,Intel Xeon E5-2698 v4 @ 2.20GHz,22645,778,24.92,LGA 2011-3,28278.744,20,40
Intel,Intel Xeon E5-2699 v3 @ 2.30GHz,20030,927,37.8,LGA 2011-3,16492.044,18,36
Intel,Intel Xeon E5-4603 @ 2.00GHz,3391,2837,7.55,LGA 2011,13972.88,4,4
Intel,Intel Xeon E5-4607 v2 @ 2.60GHz,6986,1952,95.96,LGA 2011,2265.536,6,6
Intel,Intel Xeon E5-4610 @ 2.40GHz,6460,2051,30.58,LGA 2011,6573.4776,6,12
Intel,Intel Xeon E5-4617 @ 2.90GHz,6298,2089,175.52,LGA 2011,1116.5856,6,6
Intel,Intel Xeon E5-4620 @ 2.20GHz,6635,2014,112.89,LGA 2011,1828.9224,8,16
Intel,Intel Xeon E5-4620 v2 @ 2.60GHz,9424,1628,103.56,LGA 2011,2831.92,8,16
Intel,Intel Xeon E5-4620 v3 @ 2.00GHz,10525,1534,521.58,LGA 2011-3,628.0016,10,20
Intel,Intel Xeon E5-4627 v2 @ 3.30GHz,9425,1627,18.89,LGA 2011,15527.324,8,8
Intel,Intel Xeon E5-4627 v4 @ 2.60GHz,12969,1365,12.97,LGA 2011-3,31119.6888,10,10
Intel,Intel Xeon E5-4650 @ 2.70GHz,8612,1708,615.58,LGA 2011,435.3688,8,16
Intel,Intel Xeon E5-4650 v2 @ 2.40GHz,10946,1507,43.79,LGA 2011,7778.444,10,20
Intel,Intel Xeon E5-4650 v4 @ 2.20GHz,16225,1145,165.56,LGA 2011-3,3049.76,14,28
Intel,Intel Xeon E5-4657L v2 @ 2.40GHz,11613,1458,15.46,LGA 2011,23377.0328,12,24
Intel,Intel Xeon E7-8880 v3 @ 2.30GHz,18244,1026,137.17,LGA 2011-3,4138.96,18,36
Intel,Intel Xeon Gold 5115 @ 2.40GHz,15085,1211,43.19,LGA 3647,10870.5272,10,20
Intel,Intel Xeon Gold 5118 @ 2.30GHz,16699,1122,37.2,LGA 3647,13971.324,12,24
Intel,Intel Xeon Gold 5122 @ 3.60GHz,8875,1689,27.04,LGA 3647,10216.0736,4,8
Intel,Intel Xeon Gold 5215 @ 2.50GHz,15813,1171,15.83,LGA 3647,31087.324,10,20
Intel,Intel Xeon Gold 5217 @ 3.00GHz,15429,1186,15.44,LGA 3647,31087.324,8,16
Intel,Intel Xeon Gold 5218R @ 2.10GHz,25000,677,38.95,LGA 3647,19975.928,20,40
Intel,Intel Xeon Gold 5220 @ 2.20GHz,24480,701,40.87,LGA 3647,18640.88,18,36
Intel,Intel Xeon Gold 5222 @ 3.80GHz,9355,1642,15.62,LGA 3647,18639.324,4,8
Intel,Intel Xeon Gold 5416S,35515,392,37.62,LGA 4677,29377.28,16,32
Intel,Intel Xeon Gold 6126 @ 2.60GHz,17492,1075,118.99,LGA 3647,4574.64,12,24
Intel,Intel Xeon Gold 6128 @ 3.40GHz,12887,1370,61.16,LGA 3647,6556.6728,6,12
Intel,Intel Xeon Gold 6130 @ 2.10GHz,21253,850,22.4,LGA 3647,29532.88,16,32
Intel,Intel Xeon Gold 6132 @ 2.60GHz,22480,787,345.84,LGA 3647,2022.8,14,28
Intel,Intel Xeon Gold 6134 @ 3.20GHz,16522,1127,41.19,LGA 3647,12484.0992,8,16
Intel,Intel Xeon Gold 6136 @ 3.00GHz,21015,865,28.02,LGA 3647,23338.1328,12,24
Intel,Intel Xeon Gold 6138 @ 2.00GHz,23730,733,110.07,LGA 3647,6709.472,20,40
Intel,Intel Xeon Gold 6140 @ 2.30GHz,24187,715,59.47,LGA 3647,12657.7488,18,36
Intel,Intel Xeon Gold 6142 @ 2.60GHz,25218,670,62.01,LGA 3647,12656.1928,16,32
Intel,Intel Xeon Gold 6144 @ 3.50GHz,18040,1044,36.53,LGA 3647,15368.9232,8,16
Intel,Intel Xeon Gold 6146 @ 3.20GHz,22415,789,30.71,LGA 3647,22716.044,12,24
Intel,Intel Xeon Gold 6148 @ 2.40GHz,29037,541,100.13,LGA 3647,9024.8,20,40
Intel,Intel Xeon Gold 6150 @ 2.70GHz,26754,616,136.5,LGA 3647,6099.52,18,36
Intel,Intel Xeon Gold 6152 @ 2.10GHz,24572,695,46.17,LGA 3647,16560.508,22,44
Intel,Intel Xeon Gold 6154 @ 3.00GHz,27438,598,70.36,LGA 3647,12135.244,18,36
Intel,Intel Xeon Gold 6208U @ 2.90GHz,24480,702,25.77,LGA 3647,29564,16,32
Intel,Intel Xeon Gold 6210U @ 2.50GHz,28861,546,30.99,LGA 3647,28978.944,20,40
Intel,Intel Xeon Gold 6226 @ 2.70GHz,20619,888,41.32,LGA 3647,15527.324,12,24
Intel,Intel Xeon Gold 6226R @ 2.90GHz,26355,631,26.56,LGA 3647,30879.1312,16,32
Intel,Intel Xeon Gold 6230 @ 2.10GHz,25956,645,103.83,LGA 3647,7779.6888,20,40
Intel,Intel Xeon Gold 6230R @ 2.10GHz,32591,446,55.02,LGA 3647,18433.932,26,52
Intel,Intel Xeon Gold 6234 @ 3.30GHz,17274,1093,49.35,LGA 3647,10892,8,16
Intel,Intel Xeon Gold 6238 @ 2.10GHz,29118,538,45.36,LGA 3647,19975.6168,22,44
Intel,Intel Xeon Gold 6238R @ 2.20GHz,34751,402,44.1,LGA 3647,24522.8712,28,56
Intel,Intel Xeon Gold 6240 @ 2.60GHz,26406,628,60.68,LGA 3647,13541.868,18,36
Intel,Intel Xeon Gold 6240R @ 2.40GHz,33353,430,46.28,LGA 3647,22429.1176,24,48
Intel,Intel Xeon Gold 6242 @ 2.80GHz,24303,711,39.45,LGA 3647,19169.92,16,32
Intel,Intel Xeon Gold 6242R @ 3.10GHz,36011,387,46.2,LGA 3647,24258.9736,24,48
Intel,Intel Xeon Gold 6246R @ 3.40GHz,30468,498,34.27,LGA 3647,27665.68,16,32
Intel,Intel Xeon Gold 6248 @ 2.50GHz,29530,524,178.97,LGA 3647,5134.8,20,40
Intel,Intel Xeon Gold 6254 @ 3.10GHz,32413,453,36.06,LGA 3647,27975.324,18,36
Intel,Intel Xeon Silver 4108 @ 1.80GHz,9209,1656,16.03,LGA 3647,17876.884,8,16
Intel,Intel Xeon Silver 4109T @ 2.00GHz,10348,1549,24.35,LGA 3647,13226,8,16
Intel,Intel Xeon Silver 4110 @ 2.10GHz,10312,1553,13.84,LGA 3647,23182.844,8,16
Intel,Intel Xeon Silver 4112 @ 2.60GHz,6545,2033,28.41,LGA 3647,7170.048,4,8
Intel,Intel Xeon Silver 4114 @ 2.20GHz,13131,1350,22.7,LGA 3647,18001.364,10,20
Intel,Intel Xeon Silver 4116 @ 2.10GHz,14908,1216,621.42,LGA 3647,746.5688,12,24
Intel,Intel Xeon Silver 4208 @ 2.10GHz,11000,1501,19.15,LGA 3647,17876.884,8,16
Intel,Intel Xeon Silver 4209T @ 2.20GHz,11080,1493,17.07,LGA 3647,20204.66,8,16
Intel,Intel Xeon Silver 4210 @ 2.20GHz,13575,1317,22.72,LGA 3647,18592.644,10,20
Intel,Intel Xeon Silver 4210R @ 2.40GHz,15120,1207,18.1,LGA 3647,26002.6272,10,20
Intel,Intel Xeon Silver 4214R @ 2.40GHz,17489,1076,33.96,LGA 3647,16024.6216,12,24
Intel,Intel Xeon Silver 4214Y @ 2.20GHz,16442,1132,21.92,LGA 3647,23340,12,24
Intel,Intel Xeon Silver 4215 @ 2.50GHz,13326,1330,24.5,LGA 3647,16924.3008,8,16
Intel,Intel Xeon Silver 4215R @ 3.20GHz,14683,1228,18.38,LGA 3647,24863.324,8,16
Intel,Intel Xeon Silver 4216 @ 2.10GHz,21074,861,24.1,LGA 3647,27212.884,16,32
Intel,Intel Xeon Silver 4310 @ 2.10GHz,21903,817,32.03,LGA 4189,21278.9224,12,24
Intel,Intel Xeon Silver 4310T @ 2.30GHz,20641,885,20.66,LGA 4189,31087.324,10,20
Intel,Intel Xeon Silver 4410T,27245,604,34.1,LGA 4677,24863.324,10,20
Intel,Intel Xeon Silver 4410Y,24966,680,44.34,LGA 4677,17520.56,12,24
Intel,Intel Xeon Silver 4510,32282,455,57.34,LGA 4677,17520.56,12,24
Intel,Intel Xeon Silver 4510T,29119,537,46.67,LGA 4677,19418.88,12,24
Intel,Intel Xeon W-10855M @ 2.80GHz,12225,1410,27.17,LGA 4677,14004,6,12
Intel,Intel Xeon W-10885M @ 2.40GHz,15543,1181,24.95,LGA 4677,19387.76,8,16
Intel,Intel Xeon W-11155MLE @ 1.80GHz,8502,1726,35.13,LGA 4677,7531.04,4,8
Intel,Intel Xeon W-11555MLE @ 1.90GHz,11488,1467,33.01,LGA 4677,10829.76,6,12
Intel,Intel Xeon W-11555MRE @ 2.60GHz,17484,1078,53.63,LGA 4677,10145.12,6,12
Intel,Intel Xeon W-11855M @ 3.20GHz,17393,1086,38.65,LGA 4677,14004,6,12
Intel,Intel Xeon W-11865MLE @ 1.50GHz,15917,1165,34.08,LGA 4677,14533.04,8,16
Intel,Intel Xeon W-11865MRE @ 2.60GHz,17655,1067,36.78,LGA 4677,14937.6,8,16
Intel,Intel Xeon W-11955M @ 2.60GHz,21556,835,34.6,LGA 4677,19387.76,8,16
Intel,Intel Xeon W-1250 @ 3.30GHz,13658,1311,40.96,LGA 4677,10377.8976,6,12
Intel,Intel Xeon W-1250E @ 3.50GHz,12566,1390,48.33,LGA 4677,8091.2,6,12
Intel,Intel Xeon W-1250P @ 4.10GHz,14383,1250,44.74,LGA 4677,10005.08,6,12
Intel,Intel Xeon W-1250TE @ 2.40GHz,8954,1683,31.31,LGA 4677,8900.32,6,12
Intel,Intel Xeon W-1270 @ 3.40GHz,17509,1074,48.37,LGA 4677,11265.44,8,16
Intel,Intel Xeon W-1270E @ 3.40GHz,18635,999,50.78,LGA 4677,11421.04,8,16
Intel,Intel Xeon W-1270P @ 3.80GHz,18331,1022,38.96,LGA 4677,14642.5824,8,16
Intel,Intel Xeon W-1270TE @ 2.00GHz,13553,1321,36.93,LGA 4677,11421.04,8,16
Intel,Intel Xeon W-1290 @ 3.20GHz,19934,933,33.86,LGA 4677,18319.4104,10,20
Intel,Intel Xeon W-1290E @ 3.50GHz,19424,963,38.85,LGA 4677,15560,10,20
Intel,Intel Xeon W-1290P @ 3.70GHz,22363,792,34.44,LGA 4677,20209.328,10,20
Intel,Intel Xeon W-1290T @ 1.90GHz,18409,1013,37.27,LGA 4677,15373.28,10,20
Intel,Intel Xeon W-1290TE @ 1.80GHz,14501,1240,26.27,LGA 4677,17178.24,10,20
Intel,Intel Xeon W-1350 @ 3.30GHz,18749,997,55.8,LGA 4677,10456.0088,6,12
Intel,Intel Xeon W-1350P @ 4.00GHz,19611,948,52.69,LGA 4677,11583.7976,6,12
Intel,Intel Xeon W-1370 @ 2.90GHz,22948,760,48.93,LGA 4677,14594.9688,8,16
Intel,Intel Xeon W-1370P @ 3.60GHz,23510,740,46.19,LGA 4677,15839.7688,8,16
Intel,Intel Xeon W-1390 @ 2.80GHz,23427,747,40.81,LGA 4677,17862.5688,8,16
Intel,Intel Xeon W-2102 @ 2.90GHz,5139,2357,17.91,LGA 2066 / 3647,8931.1288,4,4
Intel,Intel Xeon W-2104 @ 3.20GHz,5524,2258,21.66,LGA 2066 / 3647,7935.6,4,4
Intel,Intel Xeon W-2123 @ 3.60GHz,8521,1720,19.95,LGA 2066 / 3647,13291.6632,4,8
Intel,Intel Xeon W-2125 @ 4.00GHz,9975,1576,23.2,LGA 2066 / 3647,13380.044,4,8
Intel,Intel Xeon W-2133 @ 3.60GHz,12601,1388,20.42,LGA 2066 / 3647,19201.04,6,12
Intel,Intel Xeon W-2175 @ 2.50GHz,23507,741,54.41,LGA 2066 / 3647,13443.84,14,28
Intel,Intel Xeon W-2223 @ 3.60GHz,8606,1710,21.57,LGA 2066 / 3647,12415.324,4,8
Intel,Intel Xeon W-2225 @ 4.10GHz,10417,1540,22.07,LGA 2066 / 3647,14690.196,4,8
Intel,Intel Xeon W-2235 @ 3.80GHz,14191,1264,21.28,LGA 2066 / 3647,20756.7288,6,12
Intel,Intel Xeon W-2245 @ 3.90GHz,19415,965,27.74,LGA 2066 / 3647,21784,8,16
Intel,Intel Xeon W-2255 @ 3.70GHz,22548,784,42.95,LGA 2066 / 3647,16338,10,20
Intel,Intel Xeon W-2265 @ 3.50GHz,25738,652,38.82,LGA 2066 / 3647,20632.56,12,24
Intel,Intel Xeon W-2275 @ 3.30GHz,27833,580,33.14,LGA 2066 / 3647,26140.8,14,28
Intel,Intel Xeon W-3223 @ 3.50GHz,16942,1109,20.65,LGA 2066 / 3647,25535.516,8,16
Intel,Intel Xeon W-3323 @ 3.50GHz,27822,581,29.32,LGA 4677,29532.88,12,24
Intel,Intel Xeon w3-2425,18932,984,35.79,LGA 4677,16462.48,6,12
Intel,Intel Xeon w3-2435,26006,644,38.87,LGA 4677,20819.28,8,16
Intel,Intel Xeon w3-2525,28561,552,46.9,LGA 4677,18952.08,8,16
Intel,Intel Xeon w5-2445,32194,456,38.37,LGA 4677,26109.68,10,20
Intel,Intel Xeon w5-2545,40841,324,45.94,LGA 4677,27665.68,12,24
AMD,AMD Athlon 200GE,4099,2591,33.09,AM4,3855.4568,2,4
AMD,AMD Athlon 2200+,236,5519,3.41,AM4,2155.06,1,1
AMD,AMD Athlon 220GE,4444,2500,36.39,AM4,3799.752,2,4
AMD,AMD Athlon 240GE,4566,2477,46.47,AM4,3058.1624,2,4
AMD,AMD Athlon 2500+,243,5497,3.25,AM4,2333.6888,1,1
AMD,AMD Athlon 2600+,289,5412,3.04,AM4,2954.844,1,1
AMD,AMD Athlon 2650e,274,5440,14.43,AM4,591.28,1,1
AMD,AMD Athlon 2800+,291,5409,2.65,AM4,3421.644,1,1
AMD,AMD Athlon 3000G,4442,2501,63.68,AM4,2170.9312,2,4
AMD,AMD Athlon 3200+,298,5398,2.68,AM4,3462.1,1,1
AMD,AMD Athlon 4,182,5632,2.27,AM4,2489.2888,1,1
AMD,AMD Athlon 5000 Dual-Core,872,4621,7.94,AM4,3421.644,2,2
AMD,AMD Athlon 5150 APU,1417,4058,11.76,AM4,3748.404,4,4
AMD,AMD Athlon 5200 Dual-Core,869,4624,16.4,AM4,1649.9824,2,2
AMD,AMD Athlon 5350 APU,1797,3760,12.16,AM4,4600.4696,4,4
AMD,AMD Athlon 5370 APU,1918,3657,3.2,AM4,18630.9216,4,4
AMD,AMD Athlon 7550 Dual-Core,977,4495,65.37,AM4,465.244,2,2
AMD,AMD Athlon 7750 Dual-Core,997,4471,12.46,AM4,2489.2888,2,2
AMD,AMD Athlon 7850 Dual-Core,1058,4405,17.35,AM4,1898.32,2,2
AMD,AMD Athlon Dual Core 4450B,723,4806,23.31,AM4,964.72,2,2
AMD,AMD Athlon Dual Core 4450e,710,4821,49.03,AM4,450.6176,2,2
AMD,AMD Athlon Dual Core 4850e,799,4701,20.48,AM4,1213.68,2,2
AMD,AMD Athlon Dual Core 5000B,856,4635,9.02,AM4,2956.4,2,2
AMD,AMD Athlon Dual Core 5050e,846,4649,14.1,AM4,1867.2,2,2
AMD,AMD Athlon LE-1600,412,5199,19.63,AM4,653.52,1,1
AMD,AMD Athlon LE-1620,421,5181,23.4,AM4,560.16,1,1
AMD,AMD Athlon MP,150,5696,12,AM4,388.6888,1,1
AMD,AMD Athlon X3 435,1781,3775,18.65,AM4,2971.6488,3,3
AMD,AMD Athlon X3 440,1438,4034,16.35,AM4,2738.2488,3,3
AMD,AMD Athlon XP 1700+,176,5645,3.44,AM4,1594.9,1,1
AMD,AMD Athlon XP 1800+,195,5588,3.83,AM4,1585.564,1,1
AMD,AMD Athlon XP 1900+,203,5575,4.44,AM4,1425.296,1,1
AMD,AMD Athlon XP 2000+,195,5589,3.31,AM4,1835.7688,1,1
AMD,AMD Athlon XP 2100+,210,5560,3.3,AM4,1983.9,1,1
AMD,AMD Athlon XP 2200+,214,5557,2.52,AM4,2643.644,1,1
AMD,AMD Athlon XP 2400+,234,5520,2.93,AM4,2489.2888,1,1
AMD,AMD Athlon XP 2600+,242,5502,10.52,AM4,716.6936,1,1
AMD,AMD Athlon XP 2700+,256,5474,3.02,AM4,2638.6648,1,1
AMD,AMD Athlon XP 3000+,262,5464,3.29,AM4,2480.264,1,1
AMD,AMD Athlon XP-M,352,5289,10.06,AM4,1087.644,1,1
AMD,AMD Ryzen 3 1200,6259,2093,65.88,AM4,2956.4,4,4
AMD,AMD Ryzen 3 1300X,6930,1959,111.3,AM4,1937.5312,4,4
AMD,AMD Ryzen 3 2200G,6734,1997,67.35,AM4,3111.6888,4,4
AMD,AMD Ryzen 3 2300X,7566,1845,42.48,AM4,5542.1608,4,4
AMD,AMD Ryzen 3 3100,11526,1463,115.27,AM4,3111.6888,4,8
AMD,AMD Ryzen 3 3200G,6992,1950,108.59,AM4,2003.8168,4,4
AMD,AMD Ryzen 3 3300X,12588,1389,104.9,AM4,3734.4,4,8
AMD,AMD Ryzen 3 4100,11042,1497,160.03,AM4,2147.28,4,8
AMD,AMD Ryzen 3 4300G,9984,1574,60.75,AM4,5113.9496,4,8
AMD,AMD Ryzen 3 5300G,13036,1359,153.38,AM4,2644.8888,4,8
AMD,AMD Ryzen 3 PRO 8300G,14540,1239,34.37,AM5,13163.76,4,8
AMD,AMD Ryzen 5 1400,7736,1820,85.02,AM4,2831.6088,4,8
AMD,AMD Ryzen 5 1500X,9073,1672,75.61,AM4,3734.0888,4,8
AMD,AMD Ryzen 5 1600,12258,1409,156.27,AM4,2441.0528,6,12
AMD,AMD Ryzen 5 1600X,13009,1362,132.76,AM4,3049.4488,6,12
AMD,AMD Ryzen 5 2400G,8731,1696,102.71,AM4,2645.2,4,8
AMD,AMD Ryzen 5 2600,13138,1349,131.4,AM4,3111.6888,6,12
AMD,AMD Ryzen 5 2600X,13873,1296,55.49,AM4,7780,6,12
AMD,AMD Ryzen 5 3400G,9198,1658,65.7,AM4,4356.4888,4,8
AMD,AMD Ryzen 5 3400GE,8811,1694,24.79,AM4,11060.048,4,8
AMD,AMD Ryzen 5 3500,12777,1375,165.96,AM4,2395.9288,6,6
AMD,AMD Ryzen 5 3500X,13163,1347,193.59,AM4,2115.8488,6,6
AMD,AMD Ryzen 5 3600,17678,1066,117.87,AM4,4667.3776,6,12
AMD,AMD Ryzen 5 3600X,18132,1034,217.65,AM4,2592.6072,6,12
AMD,AMD Ryzen 5 3600XT,18541,1002,115.89,AM4,4978.8888,6,12
AMD,AMD Ryzen 5 4500,16009,1162,179.43,AM4,2776.5264,6,12
AMD,AMD Ryzen 5 4600G,15983,1163,82.77,AM4,6009.272,6,12
AMD,AMD Ryzen 5 5500,19291,972,216.75,AM4,2769.68,6,12
AMD,AMD Ryzen 5 5500GT,18974,982,125.25,AM4,4714.3688,6,12
AMD,AMD Ryzen 5 5600,21539,837,165.7,AM4,4045.2888,6,12
AMD,AMD Ryzen 5 5600G,19679,946,100.41,AM4,6099.2088,6,12
AMD,AMD Ryzen 5 5600GT,20258,913,131.55,AM4,4792.1688,6,12
AMD,AMD Ryzen 5 5600T,21953,811,99.38,AM4,6874.408,6,12
AMD,AMD Ryzen 5 5600X,21844,819,136.53,AM4,4978.8888,6,12
AMD,AMD Ryzen 5 5600XT,22304,796,131.97,AM4,5259.28,6,12
AMD,AMD Ryzen 5 7500F,26627,622,150.56,AM5,5503.572,6,12
AMD,AMD Ryzen 5 7500X3D,25192,672,81.27,AM5,9646.8888,6,12
AMD,AMD Ryzen 5 7600,27012,607,136.43,AM5,6161.76,6,12
AMD,AMD Ryzen 5 7600X,28319,561,142.3,AM5,6192.88,6,12
AMD,AMD Ryzen 5 7600X3D,25811,651,64.7,AM5,12414.3904,6,12
AMD,AMD Ryzen 5 8400F,24484,700,170.12,AM5,4478.7904,6,12
AMD,AMD Ryzen 5 8500G,21471,840,143.14,AM5,4668,6,12
AMD,AMD Ryzen 5 8600G,25201,671,126.64,AM5,6192.88,6,12
AMD,AMD Ryzen 5 9600,29358,530,107.69,AM5,8483.9344,6,12
AMD,AMD Ryzen 5 9600X,30043,514,163.28,AM5,5726.08,6,12
AMD,AMD Ryzen 5 PRO 4650G,16041,1160,97.74,AM4,5107.4144,6,12
AMD,AMD Ryzen 5 PRO 4655G,16181,1149,97.73,AM4,5152.5384,6,12
AMD,AMD Ryzen 5 PRO 7645,27565,590,61.71,AM5,13900.9928,6,12
AMD,AMD Ryzen 7 1700,14763,1224,98.42,AM4,4667.6888,8,16
AMD,AMD Ryzen 7 1700X,15623,1177,130.2,AM4,3734.0888,8,16
AMD,AMD Ryzen 7 1800X,16280,1143,68.99,AM4,7344.0088,8,16
AMD,AMD Ryzen 7 2700,15628,1176,144.21,AM4,3372.4744,8,16
AMD,AMD Ryzen 7 2700X,17445,1080,65.83,AM4,8246.8,8,16
AMD,AMD Ryzen 7 3700X,22417,788,188.38,AM4,3703.28,8,16
AMD,AMD Ryzen 7 3800X,22990,756,87.09,AM4,8215.3688,8,16
AMD,AMD Ryzen 7 3800XT,23438,745,101.9,AM4,7157.6,8,16
AMD,AMD Ryzen 7 4700G,20114,920,85.55,AM4,7316.9344,8,16
AMD,AMD Ryzen 7 5700,24233,714,134.63,AM4,5601.6,8,16
AMD,AMD Ryzen 7 5700G,24317,710,122.2,AM4,6192.88,8,16
AMD,AMD Ryzen 7 5700X,26604,623,152.03,AM4,5445.6888,8,16
AMD,AMD Ryzen 7 5700X3D,26305,634,79.71,AM4,10269.2888,8,16
AMD,AMD Ryzen 7 5800X,27703,586,132.55,AM4,6504.08,8,16
AMD,AMD Ryzen 7 5800X3D,28300,563,29.79,AM4,29563.6888,8,16
AMD,AMD Ryzen 7 5800XT,27996,575,127.84,AM4,6815.28,8,16
AMD,AMD Ryzen 7 7700,34405,409,143.37,AM5,7468.1776,8,16
AMD,AMD Ryzen 7 7700X,35581,391,142.32,AM5,7780,8,16
AMD,AMD Ryzen 7 7800X3D,34286,411,95.78,AM5,11140.3376,8,16
AMD,AMD Ryzen 7 8700F,31160,481,130.4,AM5,7436.124,8,16
AMD,AMD Ryzen 7 8700G,31657,467,116.82,AM5,8433.52,8,16
AMD,AMD Ryzen 7 9700X,37087,373,121.24,AM5,9519.2968,8,16
AMD,AMD Ryzen 7 9800X3D,39974,339,85.6,AM5,14532.7288,8,16
AMD,AMD Ryzen 7 9850X3D,41835,316,83.84,AM5,15528.88,8,16
AMD,AMD Ryzen 7 PRO 3700,22746,772,68.93,AM4,10269.2888,8,16
AMD,AMD Ryzen 7 PRO 4750G,20197,919,64.81,AM4,9698.548,8,16
AMD,AMD Ryzen 7 PRO 5750GE,21046,863,33.55,AM4,19519.7088,8,16
AMD,AMD Ryzen 7 PRO 7745,34826,400,57.6,AM5,18816.0856,8,16
AMD,AMD Ryzen 9 3900,30600,493,139.1,AM4,6846.0888,12,24
AMD,AMD Ryzen 9 3900X,32504,448,171.98,AM4,5881.68,12,24
AMD,AMD Ryzen 9 3900XT,32498,449,83.33,AM4,12136.4888,12,24
AMD,AMD Ryzen 9 3950X,38479,356,75.58,AM4,15844.1256,16,32
AMD,AMD Ryzen 9 5900X,38939,348,130.23,AM4,9304.88,12,24
AMD,AMD Ryzen 9 5900XT,43983,296,141.43,AM4,9678.32,16,32
AMD,AMD Ryzen 9 5950X,45325,286,102.31,AM4,13786.16,16,32
AMD,AMD Ryzen 9 7900,48105,262,122.41,AM5,12229.8488,12,24
AMD,AMD Ryzen 9 7900X,51292,228,162.31,AM5,9833.92,12,24
AMD,AMD Ryzen 9 7900X3D,50231,239,74,AM5,21124.5672,12,24
AMD,AMD Ryzen 9 7950X,62232,150,118.54,AM5,16338,16,32
AMD,AMD Ryzen 9 7950X3D,62317,149,118.1,AM5,16421.0904,16,32
AMD,AMD Ryzen 9 9900X,54443,207,139.6,AM5,12136.4888,12,24
AMD,AMD Ryzen 9 9900X3D,56262,198,98.88,AM5,17707.28,12,24
AMD,AMD Ryzen 9 9950X,65813,130,126.81,AM5,16151.28,16,32
AMD,AMD Ryzen 9 9950X3D,70194,111,103.9,AM5,21024.3608,16,32
AMD,AMD Ryzen 9 PRO 7945,46933,269,58.46,AM5,24982.5136,12,24