product_name_cpucooler,details_cpucooler,warranty_cpucooler,store_price_cpucooler,online_price_cpucooler
CPU COOLER MONTECH METAL DT24 BASE,For Intel/AMD / Dimension : 134 x 121 x 153mm,3Y,2090,2020
CPU COOLER MONTECH METAL DT24 PREMIUM,For Intel/AMD / Dimension : 137 x 124 x 158mm / ARGB,3Y,2390,2320
CPU COOLER ARCTIC FREEZER 36 A-RGB WHITE,For Intel/AMD / Dimension : 126 x 104 x 159 mm / ARGB,6Y,1690,1690
CPU COOLER ARCTIC FREEZER 36 A-RGB BLACK,For Intel/AMD / Dimension : 126 x 104 x 159 mm / ARGB,6Y,1690,1690
CPU COOLER COOLER MASTER T600 (RR-S6NN-17PN-C1),For Intel/AMD / Dimension : 125 x 73 x 156mm,2Y,790,690
CPU COOLER MONTECH NX400 ARGB WHITE,For Intel/AMD / Dimension : 120 x 74 x 156mm / ARGB,1Y,899,871
CPU COOLER MONTECH NX400 WHITE,For Intel/AMD / Dimension : 120 x 74 x 156mm,1Y,850,827
CPU COOLER COOLER MASTER HYPER 212 3DHP BLACK,For Intel/AMD / Dimension : 133 x 86 x 158mm,5Y,970,920
CPU COOLER COOLER MASTER V4 ALPHA 3DHP BLACK,For Intel/AMD / Dimension : 133 x 114 x 161mm,5Y,1370,1310
CPU COOLER NZXT T120 RC-TN120-B1 BLACK,For Intel/AMD / Dimension : 120 x 66 x 159mm,5Y,1450,1450
CPU COOLER NZXT T120 RC-TN120-W1 WHITE,For Intel/AMD / Dimension : 120 x 66 x 159mm,2Y,1450,1450
CPU COOLER NZXT T120 RC-TR120-B1 RGB BLACK,For Intel/AMD / Dimension : 120 x 66 x 159mm,2Y,1690,1690
CPU COOLER DEEPCOOL GAMMAXX AG400,For Intel/AMD / Dimension : 92 x 120 x 150mm / RGB,1Y,650,630
CPU COOLER COOLER MASTER HYPER 620S ARGB (RR-D6NA-17PA-R1),For Intel/AMD / Dimension : 125 x 137 x 155mm / ARGB,2Y,1290,1250
CPU COOLER COOLER MASTER HYPER 212 SPECTRUM V3 (RR-S4NA-17PA-R1),For Intel/AMD / Dimension : 124 x 73 x 152mm / ARGB,2Y,650,632
CPU COOLER COOLER MASTER HYPER 212 HALO WHITE (RR-S4WW-20PA-R1),For Intel/AMD / Dimension : 124 x 73 x 154mm / ARGB,2Y,1290,1250
CPU COOLER DEEPCOOL AK620 WHITE,For Intel/AMD / Dimension:127110157 mm,3Y,2590,2520
CPU COOLER DEEPCOOL ASSASSIN IV WHITE,For Intel/AMD / Dimension:140x110x160 mm,3Y,3990,3920
CPU COOLER COOLER MASTER T600 PRO (RR-S6NN-17PA-C1),For Intel/AMD / Dimension : 125 x 156 x 102mm / RGB,2Y,990,960
CPU COOLER ARCTIC FREEZER 36 BLACK,For Intel/AMD / Dimension:100x126x159mm,6Y,1390,1390
CPU COOLER DEEPCOOL AG620 ARGB V2 BLACK,For Intel/AMD / Dimension:129x136x161mm,1Y,2290,2220
CPU COOLER DEEPCOOL AG400 ARGB,For Intel/AMD / Dimension : 92 x 120 x 150mm / ARGB,1Y,790,770
CPU COOLER DEEPCOOL AG400 ARGB WHITE,For Intel/AMD / Dimension : 92 x 120 x 150mm / ARGB,1Y,790,777
CPU COOLER DEEPCOOL AK500 ZERO DARK BLACK,For Intel/AMD / Dimension : 127x90x158mm,3Y,2190,2120
CPU COOLER DEEPCOOL AK500 WHITE,For Intel/AMD / Dimension : 127x90x158mm,3Y,2190,2120
CPU COOLER MSI MAG CORE FROZR AA13 BLACK,For Intel/AMD / Dimension : 121 x 94.5 x 152mm / ARGB,3Y,950,925
CPU COOLER MSI MAG CORE FROZR AA13 WHITE,For Intel/AMD / Dimension : 121 x 94.5 x 152mm / ARGB,3Y,930,905
CPU COOLER DEEPCOOL AK400 ZERO DARK PLUS BLACK,For Intel/AMD / Dimension : 120 x 45 x 152mm,3Y,1390,1350
CPU COOLER DEEPCOOL AK400 G2 WHITE,For Intel/AMD / Dimension : 130 x 92 x 151mm,3Y,1390,1390
CPU COOLER DEEPCOOL AK500 G2 BLACK,For Intel/AMD / Dimension : 127 x 89 x 153mm,3Y,1790,1790
CPU COOLER DEEPCOOL AK500 G2 WHITE,For Intel/AMD / Dimension : 127 x 89 x 153mm,3Y,1790,1790
CPU COOLER DEEPCOOL AK620 G2 BLACK,For Intel/AMD / Dimension : 125 x 115 x 153mm,3Y,2490,2490
CPU COOLER DEEPCOOL AK620 G2 WHITE,For Intel/AMD / Dimension : 125 x 115 x 153mm,3Y,2490,2490
CPU COOLER DEEPCOOL AK620 G2 DIGITAL NYX,For Intel/AMD / Dimension : 125 x 115 x 153mm,3Y,2690,2690
CPU COOLER DEEPCOOL AK700 DIGITAL NYX WHITE,For Intel/AMD / Dimension : 124 x 76 x 151mm,3Y,2390,2390
CPU COOLER ID-COOLING FROZN A410 DW,For Intel/AMD / Dimension : 120 x 98 x 152mm,2Y,1290,1250
CPU COOLER ID-COOLING FROZN A410 GDL,For Intel/AMD / Dimension : 120 x 104 x 152mm,2Y,1290,1250
CPU COOLER COLD COOLER AE420 DGT BLACK,For Intel/AMD / Dimension : 120 x 68 x 155mm,2Y,790,620
CPU COOLER ID-COOLING IS-40X V3 WHITE,For Intel/AMD / Dimension : 94 x 101 x 45mm,1Y,700,677
CPU COOLER ID-COOLING SE-802-SD V3,For Intel/AMD / Dimension : 115 x 65 x 116mm,1Y,320,307
CPU COOLER ID-COOLING FROZN A410 BLACK,For Intel/AMD / Dimension : 120 x 73 x 152mm,2Y,990,950
CPU COOLER ID-COOLING IS-40XT BLACK,For Intel/AMD / Dimension : 94 x 94 x 47mm,1Y,690,670
CPU COOLER ID-COOLING FROZN A410 DK,For Intel/AMD / Dimension : 120 x 98 x 152mm,2Y,1270,1230
CPU COOLER ID-COOLING FROZN A410 SE WHITE,For Intel/AMD / Dimension : 128 x 76 x 152mm,3Y,790,765
CPU COOLER ID-COOLING FROZN A410 TD (DIGITAL),For Intel/AMD / Dimension : 127 x 78 x 152mm,2Y,1170,1130
CPU COOLER ID-COOLING SE 214 XT V2 PLUS,For Intel/AMD / Dimension : 128 x 100 x 150mm,2Y,850,825
CPU COOLER ID-COOLING SE 214 XT V2,For Intel/AMD / Dimension : 128 x 73 x 152mm,2Y,690,670
LIQUID COOLING DEEPCOOL LE240 V2 BLACK,For Intel/AMD / Radiator : 282x120x27mm,3Y,2390,2320
LIQUID COOLING DEEPCOOL LT240 ARGB BLACK,For Intel/AMD / Radiator : 282x120x27mm / ARGB,5Y,3090,3000
LIQUID COOLING DEEPCOOL LM240 BLACK,For Intel/AMD / Radiator : 120x282x27mm,5Y,3290,3290
LIQUID COOLING DEEPCOOL LM240 WHITE,For Intel/AMD / Radiator : 120x282x27mm,5Y,3290,3290
LIQUID COOLING DEEPCOOL LQ240 BLACK,For Intel/AMD / Radiator : 282x120x27mm,5Y,4790,4650
LIQUID COOLING DEEPCOOL MYSTIQUE 240 ARGB BLACK,For Intel/AMD / Radiator : 282x120x27mm / ARGB,5Y,6150,5960
LIQUID COOLING DEEPCOOL MYSTIQUE 240 ARGB WHITE,For Intel/AMD / Radiator : 282x120x27mm / ARGB,5Y,6150,5960
LIQUID COOLING ASUS PRIME LC 240 BLACK ARGB,For Intel/AMD / Radiator : 277x120x27mm / ARGB,6Y,2640,2640
LIQUID COOLING ASUS ROG STRIX LC II 240 ARGB WHITE EDITION,For Intel/AMD / Radiator : 272x121x27mm / ARGB,6Y,6190,6190
LIQUID COOLING ASUS ROG RYUO III 240 ARGB WHITE,For Intel/AMD / Radiator : 279.5x120x30mm / ARGB,6Y,7500,7500
LIQUID COOLING ASUS ROG RYUJIN III 240 ARGB WHITE,For Intel/AMD / Radiator : 279.5 x 120 x 30 mm / ARGB,6Y,5690,5690
LIQUID COOLING ASUS ROG RYUJIN III 240 ARGB,For Intel/AMD / Radiator : 279.5x120x30mm / ARGB,6Y,9070,7930
LIQUID COOLING COOLER MASTER MASTERLIQUID 240L CORE ARGB WHITE (MLW-D24M-A18PZ-RW),For Intel/AMD / Radiator : 277x119.6x27.2mm / ARGB,3Y,2190,2100
LIQUID COOLING COOLER MASTER MASTERLIQUID 240 CORE SI BLACK (MLW-D24M-A18PA-M1),For Intel/AMD / Dimension:277x119.6x27.2mm / ARGB,3Y,2490,2410
LIQUID COOLING COOLER MASTER MASTERLIQUID CORE NEX 240 ARGB BLACK,For Intel/AMD / Radiator : 277x119.6x27.2mm / ARGB,5Y,2490,2490
LIQUID COOLING COOLER MASTER MASTERLIQUID CORE NEX 240 ARGB WHITE,For Intel/AMD / Radiator : 277x119.6x27.2mm / ARGB,5Y,2490,2490
LIQUID COOLING COOLER MASTER MASTERLIQUID 240 CORE II ARGB (MLW-D24M-A18PA-R1),For Intel/AMD / Radiator : 277x119.2x27.2mm / ARGB,3Y,2390,2010
LIQUID COOLING COOLER MASTER MASTERLIQUID 240 CORE II ARGB WHITE (MLW-D24M-A18PA-RW),For Intel/AMD / Radiator : 277x119.2x27.2mm / ARGB,3Y,2390,2300
LIQUID COOLING CORSAIR NAUTILUS 240 ARGB 240MM RADIATOR BLACK (CW-9060092-WW),For Intel/AMD / Radiator : 276mm x 120mm x 27mm,5Y,3290,3290
LIQUID COOLING CORSAIR NAUTILUS 240 ARGB WHITE (CW-9060094-WW),For Intel/AMD / Radiator : 276mm x 120mm x 27mm,5Y,3290,3290
LIQUID COOLING CORSAIR H100I ELITE LCD XT 240 ARGB,For Intel/AMD / Radiator : 277x120x27mm / ARGB,5Y,7190,6100
LIQUID COOLING CORSAIR iCUE LINK TITAN 240 RX LCD 240MM RGB WHITE,For Intel/AMD / Radiator : 277x120x27mm / RGB,6Y,7290,7290
LIQUID COOLING CORSAIR iCUE LINK TITAN 240 RX LCD 240MM RGB BLACK,For Intel/AMD / Radiator:277x120x27mm,6Y,7290,7290
LIQUID COOLING CORSAIR iCUE LINK H100i LCD 240MM (CW-9061007-WW),For Intel/AMD / Radiator : 277x120x27mm / RGB,6Y,8990,8040
LIQUID COOLING ARCTIC LIQUID FREEZER III PRO 240 BLACK,For Intel/AMD / Radiator : 277x120x38mm,6Y,3490,3490
LIQUID COOLING ARCTIC LIQUID FREEZER III PRO 240 A-RGB BLACK,For Intel/AMD / Radiator : 277x120x38mm / ARGB,6Y,3990,3990
LIQUID COOLING ARCTIC LIQUID FREEZER III PRO 240 A-RGB WHITE,For Intel/AMD / Radiator : 277x120x38mm / ARGB,6Y,3990,3990
LIQUID COOLING ARCTIC LIQUID FREEZER III 240 ARGB BLACK,For Intel/AMD / Radiator : 277x120x38mm,6Y,3590,3390
LIQUID COOLING ARCTIC LIQUID FREEZER III 240 ARGB WHITE,For Intel/AMD / Radiator : 277x120x38mm,6Y,3590,3390
LIQUID COOLING ARCTIC LIQUID FREEZER III 280 ARGB BLACK,For Intel/AMD / Radiator : 317x138x38mm / ARGB,6Y,4590,4590
LIQUID COOLING ARCTIC LIQUID FREEZER III 280 ARGB WHITE,For Intel/AMD / Radiator : 317x138x38mm / ARGB,6Y,4590,3990
