type_mouse,brand_mouse,model_name_mouse,connection_type_mouse,resolution_dpi_mouse,buttons_mouse,batteryfeatures_mouse,warranty_mouse,price_mouse
Wireless Mouse,NUBWO,NMB159 BLACK,Wireless 2.4GHz,1600,4,-,3M,59
Wireless Mouse,OKER,M198 BLACK,Wireless 2.4GHz,1000,3,-,1Y,75
Wireless Mouse,OKER,M198 WHITE,Wireless 2.4GHz,1000,3,-,1Y,75
Wireless Mouse,OKER,M845 BLACK,Wireless 2.4GHz,1200,3,1 x AA,1Y,110
Wireless Mouse,OKER,M894 BLACK,Wireless 2.4GHz,1600,4,-,1Y,115
Wireless Mouse,OKER,M894 GREEN,Wireless 2.4GHz,1600,4,1 x AA,1Y,115
Wireless Mouse,OKER,M845 WHITE,Wireless 2.4GHz,1200,3,1 x AA,1Y,120
Wireless Mouse,OKER,M857 BLACK,Wireless 2.4GHz,3200,4,2 x AAA,1Y,120
Wireless Mouse,OKER,M857 WHITE,Wireless 2.4GHz,3200,4,2 x AAA,1Y,120
Wireless Mouse,NUBWO,NMB017 BLACK,Wireless 2.4GHz,1600,4,2 x AAA,1Y,125
Wireless Mouse,NUBWO,NMB017 BLUE,Wireless 2.4GHz,1600,4,2 x AAA,1Y,125
Wireless Mouse,NUBWO,NMB017 GRAY,Wireless 2.4GHz,1600,4,2 x AAA,1Y,125
Wireless Mouse,NUBWO,NMB017 RED,Wireless 2.4GHz,1600,4,2 x AAA,1Y,125
Wireless Mouse,AOC,MS200 BLACK,Wireless 2.4GHz,1200,3,-,220 day,135
Wireless Mouse,AOC,MS400 BLACK,Wireless 2.4GHz / BT 5.2,1600,4,-,220 day,135
Wireless Mouse,MOFII,JOY BLACK,Wireless 2.4GHz,1200,3,-,1Y,135
Wireless Mouse,OKER,V16 BLACK,Wireless 2.4GHz,1600,3,1 x AA,1Y,135
Wireless Mouse,OKER,V16 GREEN,Wireless 2.4GHz,1600,3,1 x AA,1Y,135
Wireless Mouse,OKER,V16 WHITE,Wireless 2.4GHz,1600,3,1 x AA,1Y,135
Wireless Mouse,AOC,MS200 WHITE,Wireless 2.4GHz,1200,3,-,220 day,145
Wireless Mouse,MOFII,COCO GRAPHITE,Wireless 2.4GHz,1200,3,-,1Y,145
Wireless Mouse,MOFII,COCO OFFWHITE,Wireless 2.4GHz,1200,3,-,1Y,145
Wireless Mouse,MOFII,COCO PINK,Wireless 2.4GHz,1200,3,-,1Y,145
Wireless Mouse,NUBWO,NMB010 BLACK,Wireless 2.4GHz,1600,6,1 x AA,1Y,155
Wireless Mouse,MOFII,RABBIT GREEN,Wireless 2.4GHz,1200,3,Silent,1Y,160
Wireless Mouse,MOFII,RABBIT MILKTEA,Wireless 2.4GHz,1200,3,Silent,1Y,160
Wireless Mouse,MOFII,RABBIT PINK,Wireless 2.4GHz,1200,3,Silent,1Y,160
Wireless Mouse,ANITECH,W214 RED,Wireless 2.4GHz,1600,3,1 x AA,2Y,165
Wireless Mouse,ANITECH,W217,Wireless 2.4GHz,1000,3,1 x AA,2Y,165
Wireless Mouse,ANITECH,W224 BLACK,Wireless 2.4GHz,1000,3,1 x AA,2Y,165
Wireless Mouse,ANITECH,W224 WHITE,Wireless 2.4GHz,1000,3,1 x AA,2Y,165
Wireless Mouse,NUBWO,NMB014 BLACK,Wireless 2.4GHz,1200,6,1 x AA,1Y,165
Wireless Mouse,NUBWO,NMB014 BLUE,Wireless 2.4GHz,1200,6,1 x AA,1Y,165
Wireless Mouse,NUBWO,NMB014 GRAY,Wireless 2.4GHz,1200,6,1 x AA,1Y,165
Wireless Mouse,NUBWO,NMB016 BLACK,Wireless 2.4GHz,1600,3,1 x AA,1Y,165
Wireless Mouse,ANITECH,W231 BLACK,Wireless 2.4GHz,1600,6,1 x AA,2Y,175
Wireless Mouse,AOC,MS210 BLACK,Wireless 2.4GHz,600,4,-,220 day,190
Wireless Mouse,MOFII,MOMO MILKTEA,Wireless 2.4GHz,1600,4,Silent,1Y,199
Wireless Mouse,MOFII,MOMO WHITE,Wireless 2.4GHz,1600,4,Silent,1Y,199
Wireless Mouse,ACER,AMR100 BLUE,Wireless 2.4GHz,1600,3,-,LT,199
Wireless Mouse,ACER,AMR100 PEACH,Wireless 2.4GHz,1600,3,-,LT,199
Wireless Mouse,AOC,MS220 day BLACK,Wireless 2.4GHz,1600,6,-,220 day,220 day
Wireless Mouse,MOFII,KITTEN BLUE,Wireless 2.4GHz,1600,4,Silent,1Y,229
Wireless Mouse,MOFII,KITTEN BROWN,Wireless 2.4GHz,1600,4,Silent,1Y,229
Wireless Mouse,MOFII,KITTEN PINK,Wireless 2.4GHz,1600,4,Silent,1Y,229
Wireless Mouse,MOFII,KITTEN PURPLE,Wireless 2.4GHz,1600,4,Silent,1Y,229
Wireless Mouse,LOGITECH,M171D GRAY/BLACK,Wireless 2.4GHz,1000,3,1 x AA,1Y,235
Wireless Mouse,LOGITECH,M171R RED/BLACK,Wireless 2.4GHz,1000,3,1 x AA,1Y,235
Wireless Mouse,LOGITECH,M171 BLUE/GRAY,Wireless 2.4GHz,1000,3,-,1Y,235
Wireless Mouse,LOGITECH,M171 ROSE,Wireless 2.4GHz,1000,3,-,1Y,235
Wireless Mouse,LOGITECH,B170,Wireless 2.4GHz,1000,3,-,1Y,239
Wireless Mouse,LOGITECH,M185BL BLACK/BLUE,Wireless 2.4GHz,1000,3,1 x AA,3Y,250
Wireless Mouse,LOGITECH,M185D BLACK/GREY,Wireless 2.4GHz,1000,3,1 x AA,3Y,250
Wireless Mouse,LOGITECH,M185R BLACK/RED,Wireless 2.4GHz,1000,3,1 x AA,3Y,250
Wireless Mouse,LENOVO,150 BLACK,Wireless 2.4GHz,1600,3,-,1Y,259
Wireless Mouse,HP,S1000 PLUS BLACK,Wireless 2.4GHz,1600,4,-,220 day,260
Wireless Mouse,HP,150 BLACK,Wireless 2.4GHz,1600,4,1 x AA,1Y,280
Wireless Mouse,LOGITECH,M221 BLACK,Wireless 2.4GHz,1000,3,1 x AA / Silent,3Y,295
Wireless Mouse,HP,S1000C BLACK,Wireless 2.4GHz,1600,4,-,220 day,350
Wireless Mouse,HP,S1000C WHITE,Wireless 2.4GHz,1600,4,-,220 day,350
Wireless Mouse,ACER,BR200 LAVENDER,Wireless 2.4GHz,1600,4,-,LT,375
Wireless Mouse,ACER,BR200 GRAY,Wireless 2.4GHz,1600,4,-,LT,379
Wireless Mouse,ACER,BR200 LIGHTPINK,Wireless 2.4GHz,1600,4,-,LT,379
Wireless Mouse,ACER,RM400 BLACK,Wireless 2.4GHz,1600,4,-,LT,379
Wireless Mouse,ACER,RM400 GRAY,Wireless 2.4GHz,1600,4,-,LT,379
Wireless Mouse,ACER,RM400 PINK,Wireless 2.4GHz,1600,4,-,LT,379
Wireless Mouse,HP,200 BLACK,Wireless 2.4GHz,1000,3,-,1Y,379
Wireless Mouse,HP,S4000 PINK,Wireless 2.4GHz,1600,4,2 x AAA / Silent,220 day,390
Wireless Mouse,HP,S4000 WHITE,Wireless 2.4GHz,1600,4,2 x AAA / Silent,220 day,390
Wireless Mouse,DELL,WM126 BLACK,Wireless 2.4GHz,1000,3,1 x AA,1Y,390
Wireless Mouse,LOGITECH,M190 BLACK,Wireless 2.4GHz,1000,3,-,1Y,390
Wireless Mouse,LOGITECH,M190 BLUE,Wireless 2.4GHz,1000,3,-,1Y,390
Wireless Mouse,LOGITECH,M190 RED,Wireless 2.4GHz,1000,3,-,1Y,390
Wireless Mouse,LOGITECH,M331B BLUE,Wireless 2.4GHz,1000,3,1 x AA,1Y,425
Wireless Mouse,LOGITECH,M331D BLACK,Wireless 2.4GHz,1000,3,1 x AA,1Y,425
Wireless Mouse,LOGITECH,M331R RED,Wireless 2.4GHz,1000,3,1 x AA,1Y,425
Wireless Mouse,LENOVO,530 CHERRY RED,Wireless 2.4GHz,1200,3,1 x AA,1Y,449
Wireless Mouse,LENOVO,530 ALMOND,Wireless 2.4GHz,1200,3,1 x AA,1Y,490
Wireless Mouse,LENOVO,530 GRAPHITE,Wireless 2.4GHz,1200,3,1 x AA,1Y,490
Wireless Mouse,LENOVO,530 PLATINUM GREY,Wireless 2.4GHz,1200,3,1 x AA,1Y,490
Wireless Mouse,ACER,BUTTER BEAR BLIND BOX,Wireless 2.4GHz,1600,3,-,LT,499
Wireless Mouse,HP,280 BLACK,Wireless 2.4GHz,1000,3,Silent,1Y,529
Wireless Mouse,DELL,MS3320W BLACK,Wireless 2.4GHz,1600,3,1 x AA,3Y,640
Wireless Mouse,NUBWO,NMB032 GREY,Wireless 2.4GHz / BT,1600,4,2 x AAA,1Y,90
Wireless Mouse,NUBWO,NMB032 BLACK,Wireless 2.4GHz / BT,1600,4,2 x AAA,1Y,90
Wireless Mouse,OKER,M825 WHITE,Multi mode,1600,6,1 x AA,1Y,150
Wireless Mouse,NUBWO,NMB036 LIGHTBLUE DARKBLUE,Wireless 2.4GHz / BT 5.0,1600,4,-,1Y,169
Wireless Mouse,NUBWO,NMB036 PURPLE DARKBLUE,Wireless 2.4GHz / BT 5.0,1600,4,-,1Y,169
Wireless Mouse,OKER,M836 BLACK,Wireless 2.4GHz / BT,1600,4,-,1Y,170
Wireless Mouse,NUBWO,NMD08 WHITE,Wireless 2.4GHz / BT,1200,3,-,1Y,199
Wireless Mouse,NUBWO,NMD08 BLACK,Wireless 2.4GHz / BT,1200,3,-,1Y,199
Wireless Mouse,AOC,MS300 BLACK,Wireless 2.4GHz / BT,1600,4,-,220 day,229
Wireless Mouse,AOC,MS300 WHITE,Wireless 2.4GHz / BT,1600,4,-,220 day,229
Wireless Mouse,AOC,MS610 GRAY,Wireless 2.4GHz / BT,1600,5,-,220 day,239
Wireless Mouse,LOGITECH,M196 GRAPHITE,Bluetooth LE,1000,3,-,1Y,290
Wireless Mouse,LOGITECH,M196 ROSE,Bluetooth LE,1000,3,-,1Y,290
Wireless Mouse,ANITECH,W226 BLACK,Wireless 2.4GHz / BT,1600,5,1 x AA,2Y,300
Wireless Mouse,HP,240 RED,Bluetooth,1600,3,1 x AA,1Y,370
Wireless Mouse,LOGITECH,M240 ROSE,Bluetooth,4000,3,Silent,1Y,380
Wireless Mouse,LENOVO,350 BREEZE MOS,Bluetooth 5.3,2400,6,Silent,1Y,390
Wireless Mouse,LENOVO,350 CLOUD GREY,Bluetooth 5.3,2400,6,Silent,1Y,390
Wireless Mouse,LENOVO,350 META GRAPE,Bluetooth 5.3,2400,6,Silent,1Y,390
Wireless Mouse,AOC,GM220 day BLACK,Multi mode,8000,6,-,220 day,449
Wireless Mouse,HP,DM10 BLACK,Wireless 2.4GHz / BT,1600,3,-,1Y,449
Wireless Mouse,HP,DM10 GRAY,Wireless 2.4GHz / BT,1600,3,-,1Y,449
Wireless Mouse,LOGITECH,M350S TONAL GRAPHITE,Bluetooth LE,4000,3,-,1Y,610
Wireless Mouse,LOGITECH,M350S TONAL ROSE,Bluetooth LE,4000,3,-,1Y,610
Wireless Mouse,LOGITECH,M350S TONAL WHITE,Bluetooth LE,4000,3,-,1Y,610
Wireless Mouse,HP,400 QUIET BLACK,Wireless 2.4GHz / BT 5.1,6000,5,Silent,1Y,750
Wireless Mouse,HP,400 QUIET BLUE,Wireless 2.4GHz / BT 5.1,6000,5,Silent,1Y,750
Wireless Mouse,HP,400 QUIET MAPLE,Wireless 2.4GHz / BT 5.1,6000,5,Silent,1Y,750
Wireless Mouse,HP,400 QUIET PINK,Wireless 2.4GHz / BT 5.1,6000,5,Silent,1Y,750
Wireless Mouse,HP,400 QUIET PURPLE,Wireless 2.4GHz / BT 5.1,6000,5,Silent,1Y,750
Wireless Mouse,LOGITECH,M650 GRAPHITE,Multi mode,4000,5,1 x AA,1Y,790
Wireless Mouse,LOGITECH,M650 ROSE,Multi mode,4000,5,1 x AA,1Y,790
Wireless Mouse,LOGITECH,M650 WHITE,Multi mode,4000,5,1 x AA,1Y,790
Wireless Mouse,DELL,MS5320W GRAY,Multi mode,1600,3,-,1Y,990
Wireless Mouse,DELL,MS5120W BLACK,Multi mode,1600,5,-,1Y,1050
Wireless Mouse,LOGITECH,MX ANYWHERE 3S GRAPHITE,Multi mode,8000,6,-,1Y,1990
Wireless Mouse,LOGITECH,MX ANYWHERE 3S PALE GRAY,Multi mode,8000,6,-,1Y,1990
Wireless Mouse,LOGITECH,MX ANYWHERE 3S PALE ROSE,Multi mode,8000,6,-,1Y,1990
Wireless Mouse,HP,930 SILVER,Wireless 2.4GHz / BT,3000,7,-,1Y,2890
Gaming Mouse,NUBWO,NM95 WARFARE BLACK,USB,3600,4,-,1Y,119
Gaming Mouse,AULA,S11 BLACK,USB,3600,4,-,220 day,149
Gaming Mouse,AULA,S11PRO WHITE ORANGE,USB 2.0,3600,6,-,220 day,149
Gaming Mouse,AULA,S11PRO WHITE YELLOW,USB 2.0,3600,6,-,220 day,149
Gaming Mouse,NUBWO,NM107M SILENT BLACK,USB Type-A,6400,6,Silent / Support Nubwo Software,1Y,169
Gaming Mouse,NUBWO,NM107M SILENT BLUE,USB Type-A,6400,6,Silent / Support Nubwo Software,1Y,169
Gaming Mouse,NUBWO,NM96 BLACK,USB,6400,7,LED lighting,1Y,179
Gaming Mouse,NUBWO,NM96 WHITE,USB,6400,7,LED lighting,1Y,179
Gaming Mouse,FANTECH,G13 RHASTA II BLACK,USB 2.0,2400,4,-,2Y,190
Gaming Mouse,AULA,S13 BLACK,USB 2.0,3600,6,-,220 day,195
Gaming Mouse,AJAZZ,AJ039 BLACK,USB 2.0,4800,7,Support Ajazz Software,1Y,199
Gaming Mouse,AULA,S12 BLACK,USB 2.0,4800,7,Support Macro AULA Software,220 day,229
Gaming Mouse,AULA,F805 BLACK,USB 2.0,6400,7,Support Macro AULA Software,220 day,299
Gaming Mouse,ACER,NITRO RM145 BLACK,USB 2.0,7200,8,-,LT,310
Gaming Mouse,FANTECH,VX7 CRYPTO GAMING BLACK,USB,8000,6,-,2Y,359
Gaming Mouse,FANTECH,VX7 V2 CRYPTO II GAMING BLACK,USB 2.0,8000,6,-,2Y,359
Gaming Mouse,NUBWO,SOLAKA X42 BLACK,USB,7200,7,-,2Y,369
Gaming Mouse,AULA,S18 BLACK,USB 2.0,6400,7,Support Macro AULA Software / Memory Mouse,220 day,390
Gaming Mouse,FANTECH,X15 PHANTOM GAMING BLACK,USB,4800,7,-,2Y,390
Gaming Mouse,FANTECH,X9 THOR GAMING BLACK,USB,4800,7,-,2Y,390
Gaming Mouse,FANTECH,X16 V2 THOR II RGB BLACK,USB,12800,6,RGB,2Y,440
Gaming Mouse,FANTECH,X5S V2 ZEUS GAMING BLACK,USB,7200,6,-,2Y,550
Gaming Mouse,HP,GAMING G360 BLACK,USB,6200,6,-,220 day,550
Gaming Mouse,LOGITECH,G102 LIGHTSYNC GAMING BLACK,USB,8000,6,ใช้บนกระจกได้,2Y,525
Gaming Mouse,LOGITECH,G102 LIGHTSYNC GAMING WHITE,USB,8000,6,ใช้บนกระจกได้,2Y,525
Gaming Mouse,ASUS,TUF P309 M3 GEN II,USB,8000,6,Support Macro Armoury II software,2Y,590
Gaming Mouse,CORSAIR,KATAR PRO,USB,12400,6,-,2Y,590
Gaming Mouse,CORSAIR,HARPOON PRO RGB,USB,12000,6,RGB,2Y,690
Gaming Mouse,LOGITECH,G402 HYPERION FURY BLACK,USB,4000,8,-,2Y,760
Gaming Mouse,HYPERX,PULSEFIRE CORE,USB,6200,7,-,2Y,780
Gaming Mouse,ACER,PREDATOR G100,USB 2.0,6200,8,-,LT,890
Gaming Mouse,ACER,PREDATOR G200,USB 2.0,6200,7,-,LT,890
Gaming Mouse,ACER,PREDATOR G300,USB 2.0,6200,8,-,LT,890
Gaming Mouse,ASUS,ROG P509 BLACK,USB 2.0,16000,7,Support Armoury Crate Software,2Y,909
Gaming Mouse,ASUS,ROG P518 STRIX IMPACT III,USB,12000,6,-,2Y,1090
Gaming Mouse,CORSAIR,M55 BLACK,USB,16000,6,Support iCUE Software,2Y,1090
Gaming Mouse,LOGITECH,G502 HERO RGB GAMING,USB,25600,11,RGB / ใช้บนกระจกได้,2Y,1150
Gaming Mouse,HYPERX,PULSEFIRE HASTE 2 BLACK,USB 2.0,26000,6,Support HyperX NGENUITY,2Y,1250
Gaming Mouse,HYPERX,PULSEFIRE HASTE 2 WHITE,USB 2.0,26000,6,Support HyperX NGENUITY,2Y,1250
Gaming Mouse,ASUS,ROG GLADIUS III CORE,USB 2.0,12000,6,Support Gear Link web browser,2Y,1290
Gaming Mouse,LOGITECH,G403 HERO GAMING BLACK,USB,12000,6,-,2Y,1290
Gaming Mouse,HYPERX,PULSEFIRE FPS PRO,USB,3200,6,Support HyperX NGENUITY,2Y,1490
Gaming Mouse,LOGITECH,G502 X BLACK,USB,25600,13,ใช้บนกระจกได้,2Y,1840
Gaming Mouse,LOGITECH,G502 X WHITE,USB,25600,13,ใช้บนกระจกได้,2Y,1840
Gaming Mouse,HYPERX,PULSEFIRE SAGA BLACK,USB Type-A,3200,6,Support NGENUITY Software,2Y,2390
Mouse,NUBWO,NM106 BLACK,USB,2400,4,-,1Y,49
Mouse,NUBWO,NM106 BLACK RED,USB,2400,4,-,1Y,49
Mouse,NUBWO,NM158 BLACK,USB 2.0,1600,4,-,1Y,49
Mouse,NUBWO,NM161 BLACK,USB 2.0,2400,4,-,1Y,49
Mouse,NUBWO,NM160 BLACK,USB 2.0,1600,4,-,1Y,59
Mouse,OKER,OP165 PINK,USB 2.0,1000,3,-,1Y,59
Mouse,OKER,OP165 WHITE,USB 2.0,1000,3,-,1Y,59
Mouse,AULA,AM104 BLACK,USB,1600,4,-,220 day,65
Mouse,OKER,OP167 PINK,USB 2.0,1000,3,-,1Y,65
Mouse,OKER,OP167 WHITE,USB 2.0,1000,3,-,1Y,65
Mouse,NUBWO,NM100 BLACK,USB,1600,4,-,1Y,80
Mouse,NUBWO,NM152 BLACK,USB,1000,3,-,1Y,85
Mouse,NUBWO,NM155 BLACK,USB,1000,3,-,1Y,85
Mouse,ANITECH,A201,USB,1500,4,-,2Y,89
Mouse,OKER,M149 BLACK,USB 2.0,1200,3,-,1Y,89
Mouse,NUBWO,NM157 BLACK,USB,1600,4,-,1Y,90
Mouse,NUBWO,NM157 BLUE,USB,1600,4,-,1Y,90
Mouse,NUBWO,NM157 GREEN,USB,1600,4,-,1Y,90
Mouse,NUBWO,NM157 PINK,USB,1600,4,-,1Y,90
Mouse,OKER,M145 BLACK,USB,1200,3,-,1Y,95
Mouse,OKER,A216 BLACK,USB,1200,3,-,1Y,95
Mouse,NUBWO,NM153 BLACK,USB,1200,3,-,1Y,100
Mouse,LOGITECH,B100 BLACK,USB,800,3,-,3Y,110
Mouse,ANITECH,A545,USB,1000,3,-,2Y,119
Mouse,OKER,M217 BLACK,USB,2400,4,-,1Y,119
Mouse,OKER,M217 WHITE,USB,2400,4,-,1Y,119
Mouse,OKER,M218 GREEN,USB,2400,4,-,1Y,119
Mouse,AOC,GM150 BLACK,USB 2.0,2000,4,-,220 day,129
Mouse,LENOVO,300 BLACK,USB,1600,3,-,1Y,129
Mouse,MOFII,BUNBUN DARKBLUE,USB,1000,3,-,1Y,129
Mouse,MOFII,BUNBUN OFFWHITE,USB,1000,3,-,1Y,129
Mouse,DELL,MS116 BLACK,USB,1000,3,-,1Y,139
Mouse,HP,M10 BLACK,USB,1200,3,-,220 day,139
Mouse,HP,M10 WHITE,USB,1200,3,-,220 day,139
Mouse,ANITECH,A547,USB,2400,4,-,2Y,140
Mouse,HP,M10 SILENCE BLACK,USB,1200,3,Silent,220 day,145
Mouse,HP,GAMING M150 BLACK,USB,2000,4,-,220 day,150
Mouse,NUBWO,NM101 BLACK,USB,6400,6,LED Lighting,1Y,160
Mouse,NUBWO,NM19 BLACK,USB,2400,6,Silent,1Y,160
Mouse,LOGITECH,M100R BLACK,USB,1000,3,-,3Y,179
Mouse,NUBWO,NM102 BLACK,USB,7200,7,Lighting RGB,1Y,180
Mouse,NUBWO,NM102 WHITE,USB,7200,7,Lighting RGB,1Y,180
Mouse,HP,GAMING M260 GUNMETAL,USB,6400,5,-,220 day,189
Mouse,NUBWO,NM94M MURDERER WHITE,USB,6400,6,-,1Y,195
Mouse,AOC,GM170 BLACK,USB 2.0,7200,7,-,220 day,199
Mouse,AOC,MS170 BLACK,USB 2.0,3600,6,-,220 day,199
Mouse,HP,G260 PLUS BLACK,USB,12800,7,-,220 day,219
Mouse,HP,GAMING M220 day LITE BLACK,USB,2400,7,-,220 day,219
Mouse,HP,GAMING M270 BLACK,USB,2400,6,4 LED Breathing light,220 day,219
Mouse,OKER,GM56 BLUE,USB,6400,7,-,1Y,219
Mouse,OKER,GM56 PINK,USB,6400,7,-,1Y,219
Mouse,NUBWO,NM89M PLESIOS BLACK,USB,6400,7,-,1Y,275
Mouse,NUBWO,NM89M PLESIOS GRAY,USB,6400,7,-,1Y,275
Mouse,NUBWO,NM89M PLESIOS WHITE,USB,6400,7,-,1Y,275
Mouse,AOC,GM190 BLACK,USB 2.0,7200,8,-,220 day,279
Mouse,NUBWO,NM92M BLACK,USB,12800,7,-,1Y,280
Mouse,AOC,GM180 BLACK,USB 2.0,7200,7,-,220 day,299
Mouse,OKER,G68 BLACK,USB,10000,6,-,1Y,349
Mouse,DELL,MS3220 day BLACK,USB,3200,5,-,1Y,459
Mouse,DELL,MS3220 day TITAN GRAY,USB,3200,5,-,1Y,550
Gaming Mouse Wireless,LOGITECH,G PRO X SUPERLIGHT 2 COMPACT MAGENTA,USB Wireless 2.4GHz Lightspeed / USB Type-C,44000,5,Support Logitech G HUB Software,2Y,3690
Gaming Mouse Wireless,AJAZZ,AJ179V2 BLACK (BLUETOOTH),USB Type-C / USB Wireless 2.4GHz / Bluetooth,12000,6,6 Buttons + 1 Switch button,1Y,599
Gaming Mouse Wireless,FANTECH,WG9 KANATA BLACK,Wireless 2.4GHz / USB Type C,2000,6,-,2Y,390
Gaming Mouse Wireless,FANTECH,WG9 KANATA WHITE,Wireless 2.4GHz / USB Type C,2000,6,-,2Y,390
Gaming Mouse Wireless,ONIKUMA,OKAMI BLACK,USB Receiver Wireless 2.4GHz / USB-C,4800,7,-,2Y,450
Gaming Mouse Wireless,FANTECH,WGC2+ VENOM II BLACK,Wireless USB,2400,6,-,2Y,690
Gaming Mouse Wireless,FANTECH,WGC2+ VENOM II WHITE,Wireless USB,2400,6,-,2Y,690
Gaming Mouse Wireless,AJAZZ,AJ139 WHITE,USB Wireless 2.4GHz / USB Type C,16000,6,6 Buttons+1 switch button / Support ajazz Software,1Y,759
Gaming Mouse Wireless,FANTECH,WGC5 BLAKE WHITE,USB Type C / Wireless 2.4GHz,10000,6,Support Fantech software,2Y,790
Gaming Mouse Wireless,AJAZZ,AJ179 WHITE,USB Receiver Wireless 2.4GHz / USB-C,2600,7,-,1Y,850
Gaming Mouse Wireless,AJAZZ,AJ159P BLACK,USB Wireless 2.4GHz / USB Type C,26000,6,6 Buttons+1 switch button / Support ajazz Software,1Y,949
Gaming Mouse Wireless,LOGITECH,G304 LIGHTSPEED GAMING BLACK,Wireless,12000,6,Software Support Logitech G HUB,2Y,880
Gaming Mouse Wireless,LOGITECH,G304 LIGHTSPEED GAMING WHITE,Wireless USB,12000,6,-,2Y,880
Gaming Mouse Wireless,CORSAIR,KATAR PRO,Wireless,10000,6,-,2Y,1090
Gaming Mouse Wireless,CORSAIR,M55 BLACK,Wireless 2.4GHz,26000,6,Support iCUE Software,2Y,1790
Gaming Mouse Wireless,CORSAIR,HARPOON RGB,Wireless USB,10000,6,-,2Y,1890
Gaming Mouse Wireless,CORSAIR,KATAR ELITE,Wireless / USB Type C,26000,6,-,2Y,1990
Gaming Mouse Wireless,LOGITECH,G PRO 2 MAGENTA,Wireless 2.4GHz / USB Type C,32000,8,Support Logitech G HUB Software,2Y,3390
Gaming Mouse Wireless,LOGITECH,G PRO 2 BLACK,Wireless 2.4GHz / USB Type C,32000,8,Support Logitech G HUB Software,2Y,3450
Gaming Mouse Wireless,LOGITECH,G PRO 2 WHITE,Wireless 2.4GHz / USB Type C,32000,8,Support Logitech G HUB Software,2Y,3450
Gaming Mouse Wireless,LOGITECH,G PRO X SUPERLIGHT 2 DEX MAGENTA,USB Wireless 2.4GHz / USB Type C,32000,5,Support Logitech G HUB Software,2Y,3690
Gaming Mouse Wireless,LOGITECH,G PRO X SUPERLIGHT 2 MAGENTA,USB 2.0 / Wireless 2.4 Ghz,32000,5,Support Logitech G HUB software,2Y,3690
Gaming Mouse Wireless,LOGITECH,G PRO X SUPERLIGHT 2 BLACK,USB 2.0 / Wireless 2.4 Ghz,32000,5,Support Logitech G HUB software,2Y,3790
Gaming Mouse Wireless,LOGITECH,G PRO X SUPERLIGHT 2 DEX BLACK,USB Wireless 2.4GHz / USB Type C,32000,5,Support Logitech G HUB Software,2Y,3790
Gaming Mouse Wireless,LOGITECH,G PRO X SUPERLIGHT 2 WHITE,USB 2.0 / Wireless 2.4 Ghz,32000,5,Support Logitech G HUB software,2Y,3790
Gaming Mouse Wireless,LOGITECH,G PRO X SUPERLIGHT 2 DEX WHITE,USB Wireless 2.4GHz / USB Type C,32000,5,Support Logitech G HUB Software,2Y,3890
Gaming Mouse Wireless,LOGITECH,G PRO X SUPERLIGHT 2 COMPACT WHITE,USB Wireless 2.4GHz Lightspeed / USB Type-C,44000,5,Support Logitech G HUB Software,2Y,4190
Gaming Mouse Wireless,LOGITECH,G502 X PLUS BLACK,Wireless,25600,13,-,2Y,4190
Gaming Mouse Wireless,NUBWO,NM104W BLACK (BLUETOOTH),USB Wireless 2.4 Ghz / Bluetooth 5.2,1600,6,-,2Y,249
Gaming Mouse Wireless,NUBWO,NM104W BLUE (BLUETOOTH),USB Wireless 2.4 Ghz / Bluetooth 5.2,1600,6,-,2Y,249
Gaming Mouse Wireless,NUBWO,NM104W GRAY (BLUETOOTH),USB Wireless 2.4 Ghz / Bluetooth 5.2,1600,6,-,2Y,249
Gaming Mouse Wireless,AJAZZ,AJ039 BLACK (BLUETOOTH),Bluetooth / USB Receiver Wireless 2.4GHz / USB-C,4800,7,-,1Y,290
Gaming Mouse Wireless,AJAZZ,AJ039 WHITE (BLUETOOTH),Bluetooth / USB Receiver Wireless 2.4GHz / USB-C,4800,7,-,1Y,290
Gaming Mouse Wireless,EGA,M16 BLACK (BLUETOOTH),Bluetooth 5.1 / USB Wireless 2.4GHz,3600,6,-,2Y,299
Gaming Mouse Wireless,EGA,M16 WHITE (BLUETOOTH),Bluetooth 5.1 / USB Wireless 2.4GHz,3600,6,-,2Y,299
Gaming Mouse Wireless,NUBWO,NM098 BLACK (BLUETOOTH),Bluetooth / Wireless 2.4,4800,8,-,2Y,390
Gaming Mouse Wireless,NUBWO,NM103W BLACK (BLUETOOTH),Wireless / Bluetooth,4800,6,Support nubwo software,1Y,390
Gaming Mouse Wireless,NUBWO,NM89W BLACK (BLUETOOTH),MULTIMODE / 2.4G wireless / Bluetooth 5.1,4800,7,-,1Y,390
Gaming Mouse Wireless,EGA,TYPE M14 BLACK (BLUETOOTH),Bluetooth 5.2 / USB Wireless 2.4GHz / USB-C,6400,9,-,2Y,459
Gaming Mouse Wireless,EGA,TYPE M14 WHITE (BLUETOOTH),Bluetooth 5.2 / USB Wireless 2.4GHz / USB-C,6400,9,-,2Y,459
Gaming Mouse Wireless,EGA,TYPE M15 WHITE (BLUETOOTH),Bluetooth 5.1 / USB Wireless 2.4GHz / USB-C,10000,5,-,2Y,569
Gaming Mouse Wireless,AJAZZ,AJ179V2 WHITE (BLUETOOTH),USB Type-C / USB Wireless 2.4GHz / Bluetooth,12000,6,6 Buttons + 1 Switch button,1Y,599
Gaming Mouse Wireless,NUBWO,X210 VORTEX BLACK (BLUETOOTH),USB Type C / USB Wireless 2.4GHz / Bluetooth 5.2,12000,11,Support Nubwo Software,2Y,649
Gaming Mouse Wireless,NUBWO,X210 VORTEX WHITE (BLUETOOTH),USB Type C / USB Wireless 2.4GHz / Bluetooth 5.2,12000,11,Support Nubwo Software,2Y,649
Gaming Mouse Wireless,AJAZZ,AJ159P MC BLACK (BLUETOOTH),USB Wireless 2.4GHz / Bluetooth / USB Type C,12000,6,6 Buttons+1 switch button / Support ajazz Software,1Y,690
Gaming Mouse Wireless,AJAZZ,AJ159P MC WHITE (BLUETOOTH),USB Wireless 2.4GHz / Bluetooth / USB Type C,12000,6,6 Buttons+1 switch button / Support ajazz Software,1Y,690
Gaming Mouse Wireless,AJAZZ,AJ199 CARBON BLACK (BLUETOOTH),USB Type-C / USB Wireless 2.4GHz / Bluetooth,24000,6,6 buttons + 1 switch buttons / Support Ajazz Software,1Y,690
Gaming Mouse Wireless,AJAZZ,AJ199 CARBON WHITE (BLUETOOTH),USB Type-C / USB Wireless 2.4GHz / Bluetooth,24000,6,6 buttons + 1 switch buttons / Support Ajazz Software,1Y,690
Gaming Mouse Wireless,EGA,M13 V2 BLACK (BLUETOOTH),USB Wireless 2.4GHz / Bluetooth 5.0 / USBType-C,5000,7,Support EGA Software,2Y,659
Gaming Mouse Wireless,EGA,M13 V2 WHITE (BLUETOOTH),USB Wireless 2.4GHz / Bluetooth 5.0 / USBType-C,5000,7,Support EGA Software,2Y,659
Gaming Mouse Wireless,ONIKUMA,KITSU BLACK (BLUETOOTH),USB Wireless 2.4GHz / Bluetooth / USB-C,12000,7,-,2Y,689
Gaming Mouse Wireless,ONIKUMA,KITSU WHITE (BLUETOOTH),USB Wireless 2.4GHz / Bluetooth / USB-C,12000,7,-,2Y,689
Gaming Mouse Wireless,EGA,TYPE M8 GEN2 WHITE (BLUETOOTH),USB Type C / USB Wireless 2.4 Ghz / Bluetooth 5.2,5000  (10000  WITH SOFTWARE),7,Support EGA Software,2Y,690
Gaming Mouse Wireless,ONIKUMA,CHOUKO BLACK (BLUETOOTH),USB Type-C / Wireless 2.4GHz / Bluetooth,3600,5,-,2Y,690
Gaming Mouse Wireless,ONIKUMA,CHOUKO PINK (BLUETOOTH),USB Type-C / Wireless 2.4GHz / Bluetooth,3600,5,-,2Y,690
Gaming Mouse Wireless,ONIKUMA,CHOUKO WHITE (BLUETOOTH),USB Type-C / Wireless 2.4GHz / Bluetooth,3600,5,-,2Y,690
Gaming Mouse Wireless,AJAZZ,AJ159NL BLACK (BLUETOOTH),USB Wireless 2.4GHz NearLink / USB Type C / Bluetooth,12000,6,6 Buttons+1 switch button / Support ajazz Software,1Y,699
Gaming Mouse Wireless,AJAZZ,AJ159NL WHITE (BLUETOOTH),USB Wireless 2.4GHz NearLink / USB Type C / Bluetooth,12000,6,6 Buttons+1 switch button / Support ajazz Software,1Y,699
Gaming Mouse Wireless,AJAZZ,AJ179NL BLACK (BLUETOOTH),USB Type-C / NearLink USB Wireless 2.4GHz / Bluetooth,12000,6,6 Buttons + 1 Switch button,1Y,699
Gaming Mouse Wireless,AULA,SC580X WHITE (BLUETOOTH),USB Type-C / Wireless 2.4GHz / Bluetooth,10000,6,Support Macro AULA software,220 day,699
Gaming Mouse Wireless,AULA,SC680 YELLOW (BLUETOOTH),USB TYPE-C / USB Receiver Wireless 2.4GHz / Bluetooth 5.0,26000,7,-,220 day,750
Gaming Mouse Wireless,ONIKUMA,DM02 BLACK (BLUETOOTH),USB Wireless 2.4GHz / USBType-C,12800,6,-,2Y,750
Gaming Mouse Wireless,ONIKUMA,DM02 GREY (BLUETOOTH),USB Wireless 2.4GHz / Bluetooth / USBType-C,12800,6,-,2Y,750
Gaming Mouse Wireless,FANTECH,WG13 TANTO E PINK (BLUETOOTH),USB-C / USB Wireless 2.4GHz / Bluetooth,12000,5,Support Fantech Software,2Y,790
Gaming Mouse Wireless,AULA,SC580X BLACK (BLUETOOTH),USB Type-C / Wireless 2.4GHz / Bluetooth,10000,6,Support Macro AULA software,220 day,799
Gaming Mouse Wireless,AULA,SC380 PRO BLACK (BLUETOOTH/CHARGING DOCK),USB type C / USB Wireless 2.4GHz / Bluetooth,12000,7,Support Aula Software,220 day,890
Gaming Mouse Wireless,AULA,SC380 PRO WHITE (BLUETOOTH/CHARGING DOCK),USB type C / USB Wireless 2.4GHz / Bluetooth,12000,7,Support Aula Software,220 day,890
Gaming Mouse Wireless,FANTECH,WG13 TANTO E BLACK (BLUETOOTH),USB-C / USB Wireless 2.4GHz / Bluetooth,12000,5,Support Fantech Software,2Y,990
Gaming Mouse Wireless,FANTECH,WG13 TANTO E WHITE (BLUETOOTH),USB-C / USB Wireless 2.4GHz / Bluetooth,12000,5,Support Fantech Software,2Y,990
Gaming Mouse Wireless,HYPERX,PULSEFIRE FUSE BLACK (BLUETOOTH),USB Type-A / USB Wireless 2.4GHz / Bluetooth,3200,6,Support NGENUITY Software,2Y,990
Gaming Mouse Wireless,AULA,SC680 BLACK (BLUETOOTH),USB TYPE-C / USB Receiver Wireless 2.4GHz / Bluetooth 5.0,26000,7,Support Aula Software,220 day,1190
Gaming Mouse Wireless,AULA,SC680 PINK (BLUETOOTH),USB TYPE-C / USB Receiver Wireless 2.4GHz / Bluetooth 5.0,26000,7,-,220 day,1190
Gaming Mouse Wireless,AULA,SC680 WHITE (BLUETOOTH),USB TYPE-C / USB Receiver Wireless 2.4GHz / Bluetooth 5.0,26000,7,-,220 day,1190
Gaming Mouse Wireless,ASUS,ROG P711 GLADIUS III AIMPOINT WHITE (BLUETOOTH),Wireless / Bluetooth / RF 2.4GHz,36000,6,Software Macro Armoury Crate,2Y,1390
Gaming Mouse Wireless,EGA,TYPE GM1 PRO BLACK (BLUETOOTH),Bluetooth 5.1 / USB Wireless 2.4GHz / USB-C,26000,6,Support EGA Software,2Y,1390
Gaming Mouse Wireless,HYPERX,PULSEFIRE HASTE 2 CORE BLACK RED (BLUETOOTH),Wireless 2.4GHz / Bluetooth 5.2,12000,6,Support HyperX NGENUITY Software,2Y,1590
Gaming Mouse Wireless,HYPERX,PULSEFIRE HASTE 2 CORE WHITE GREEN PURPLE (BLUETOOTH),Wireless 2.4GHz / Bluetooth 5.2,12000,6,Support HyperX NGENUITY Software,2Y,1590
Gaming Mouse Wireless,LOGITECH,G309 LIGHTSPEED WHITE (BLUETOOTH),Lightspeed Wireless 2.4GHz / Bluetooth,25600,6,Support Logitech G HUB software,2Y,1650
Gaming Mouse Wireless,LOGITECH,G309 LIGHTSPEED BLACK (BLUETOOTH),Lightspeed Wireless 2.4GHz / Bluetooth,25600,6,Support Logitech G HUB software,2Y,1950
Gaming Mouse Wireless,HYPERX,PULSEFIRE HASTE 2 MINI BLACK (BLUETOOTH),Wireless 2.4GHz / Bluetooth 5.0 / USB-C to USB-A,26000,6,Support HyperX NGENUITY Software,2Y,2050
Gaming Mouse Wireless,HYPERX,PULSEFIRE HASTE 2 MINI WHITE (BLUETOOTH),Wireless 2.4GHz / Bluetooth 5.0 / USB-C to USB-A,26000,6,Support HyperX NGENUITY Software,2Y,2050
Gaming Mouse Wireless,ASUS,ROG P709 KERIS BLACK (BLUETOOTH),"Wireless,Bluetooth,RF 2.4GHz",36000,6,-,2Y,2190
Gaming Mouse Wireless,HYPERX,PULSEFIRE HASTE 2 BLACK (BLUETOOTH),Wireless 2.4 GHz / Bluetooth,26000,6,Support HyperX NGENUITY,2Y,2250
Gaming Mouse Wireless,HYPERX,PULSEFIRE HASTE 2 WHITE (BLUETOOTH),Wireless 2.4 GHz / Bluetooth,26000,6,Support HyperX NGENUITY,2Y,2250
Gaming Mouse Wireless,CORSAIR,SABRE V2 PRO ULTRALIGHT BLACK (BLUETOOTH),USB Wireless 2.4GHz / USB Type-C to Type-A,33000,5,Support iCUE & Web Hub Software,2Y,2490
Gaming Mouse Wireless,ASUS,ROG P723 HARPE II ACE (BLUETOOTH),-,-,-,-,2Y,3790
Gaming Mouse Wireless,CORSAIR,SABRE V2 PRO ULTRALIGHT WHITE (BLUETOOTH),USB Wireless 2.4GHz / USB Type-C to Type-A,33000,5,Support iCUE & Web Hub Software,2Y,3790
Gaming Mouse Wireless,HYPERX,PULSEFIRE SAGA PRO BLACK (BLUETOOTH),USB Type-C / USB Wireless 2.4GHz / Bluetooth 5.0,3200,6,Support NGENUITY Software,2Y,3790
Gaming Mouse Wireless,ASUS,ROG P722 KERIS II ORIGIN BLACK (BLUETOOTH),USB Wireless 2.4GHz / Bluetooth 5.1 / USBType-C,42000,6,Support Gear Link Web Browser,2Y,4220 day
Gaming Mouse Wireless,CORSAIR,SCIMITAR ELITE SE BLACK (BLUETOOTH),USB Wireless 2.4GHz / Bluetooth 5.4 / USB Type-C to Type-A,33000,16,Support iCUE Software,2Y,4290
Gaming Mouse Wireless,CORSAIR,SCIMITAR ELITE SE WHITE (BLUETOOTH),USB Wireless 2.4GHz / Bluetooth 5.4 / USB Type-C to Type-A,33000,16,Support iCUE Software,2Y,4290
Gaming Mouse Wireless,CORSAIR,M75 BLACK (BLUETOOTH),Wireless 2.4GHz / Bluetooth,26000,5,Software Support iCUE,2Y,4490
Gaming Mouse Wireless,CORSAIR,M75 WHITE (BLUETOOTH),Wireless 2.4GHz / Bluetooth,26000,5,Software Support iCUE,2Y,4490
Gaming Mouse Wireless,FANTECH,WG13 TANTO S 8K BLACK (BLUETOOTH),USB-C / USB Wireless 2.4GHz / Bluetooth,26000,5,Support Fantech Software,2Y,1590
Gaming Mouse Wireless,FANTECH,WG13 TANTO S 8K WHITE (BLUETOOTH),USB-C / USB Wireless 2.4GHz / Bluetooth,26000,5,Support Fantech Software,2Y,1590
Gaming Mouse Wireless,AULA,SC900 PRO BLACK 8K (BLUETOOTH),USB type C / USB Wireless 2.4GHz / Bluetooth,26000,7,Support Aula Software,220 day,1790
Gaming Mouse Wireless,AULA,SC900 MAX RED 8K (BLUETOOTH),USB type C / USB Wireless 2.4GHz / Bluetooth,30000,7,Support Aula Software,220 day,1890
Gaming Mouse Wireless,AJAZZ,AJ159 APEX 8K METEORITE BLACK (BLUETOOTH/LCD),USB Type-C / Wireless 2.4GHz / Bluetooth 5.0,42000,5,Support Ajazz Software,1Y,1990
Gaming Mouse Wireless,AJAZZ,AJ159 APEX 8K SKY BLUE (BLUETOOTH/LCD),USB Type-C / Wireless 2.4GHz / Bluetooth 5.0,42000,5,Support Ajazz Software,1Y,1990
Gaming Mouse Wireless,AJAZZ,AJ159 APEX 8K SNOW WHITE (BLUETOOTH/LCD),USB Type-C / Wireless 2.4GHz / Bluetooth 5.0,42000,5,Support Ajazz Software,1Y,1990
Gaming Mouse Wireless,AJAZZ,AJ159 APEX 8K SUNSET ORANGE (BLUETOOTH/LCD),USB Type-C / Wireless 2.4GHz / Bluetooth 5.0,42000,5,Support Ajazz Software,1Y,1990
Gaming Mouse Wireless,AJAZZ,AJ179 APEX 8K SKY BLUE (BLUETOOTH/LCD),USB Type-C / Wireless 2.4GHz / Bluetooth,42000,5,Support Ajazz Software,1Y,1990
Gaming Mouse Wireless,AJAZZ,AJ179 APEX 8K SNOW WHITE (BLUETOOTH/LCD),USB Type-C / Wireless 2.4GHz / Bluetooth,42000,5,Support Ajazz Software,1Y,1990
Gaming Mouse Wireless,AJAZZ,AJ179 APEX 8K SUNSET ORANGE (BLUETOOTH/LCD),USB Type-C / Wireless 2.4GHz / Bluetooth,42000,5,Support Ajazz Software,1Y,1990
Gaming Mouse Wireless,HYPERX,PULSEFIRE HASTE 2 PRO 4K WHITE (BLUETOOTH),USB Type-C / USB Wireless 2.4GHz / Bluetooth,26000,6,Support HyperX NGENUITY Software,2Y,4690
