category_keyboards,name_keyboards,specifications_keyboards,warranty_keyboards,price_keyboards
KEYBOARD WIRELESS,KEYBOARD WIRELESS NUBWO NKB100 BLACK (BLUETOOTH),Interface : Bluetooth / 78 Keys / TH / EN / Windows Support,1Y,179
KEYBOARD WIRELESS,KEYBOARD WIRELESS OKER K199 BLACK,Interface : USB Wireless 2.4GHz / 104 Keys / EN / TH / Windows Support,1Y,240
KEYBOARD WIRELESS,KEYBOARD WIRELESS NUBWO NKB107 BLACK (BLUETOOTH),Interface : Bluetooth / Wireless / 84 Keys / TH / EN,1Y,420
KEYBOARD WIRELESS,KEYBOARD WIRELESS LOGITECH K250 BLACK (BLUETOOTH),Interface : Bluetooth Low Energy / 99 Keys / EN / TH / Windows Support,1Y,440
KEYBOARD WIRELESS,KEYBOARD WIRELESS AJAZZ AK308i KITTI BLUE (BLUETOOTH),Interface : Bluetooth 3.0 / 84 Keys / EN / TH / Windows Support,1Y,459
KEYBOARD WIRELESS,KEYBOARD WIRELESS AJAZZ AK308i KITTI MOUSSE (BLUETOOTH),Interface : Bluetooth 3.0 / 84 Keys / EN / TH / Windows Support,1Y,459
KEYBOARD WIRELESS,KEYBOARD WIRELESS MOFII WAFFLE GREY (BLUETOOTH),Interface : USB 2.0 / 84 Keys / EN / TH / Windows Support,1Y,590
KEYBOARD WIRELESS,KEYBOARD WIRELESS ACER LW1800 BROWN (BLUETOOTH),Interface : Bluetooth / USB Wireless 2.4GHz / 83 Keys / TH / EN / Multi device : 3 / Windows Support,LT,650
KEYBOARD WIRELESS,KEYBOARD WIRELESS ACER LW1800 BLACK (BLUETOOTH),Interface : Bluetooth / USB Wireless 2.4GHz / 83 Keys / TH / EN / Multi device : 3 / Windows Support,LT,790
KEYBOARD WIRELESS,KEYBOARD WIRELESS ACER LW1800 PINK WHITE (BLUETOOTH),Interface : Bluetooth / USB Wireless 2.4GHz / 83 Keys / TH / EN / Multi device : 3 / Windows Support,LT,790
KEYBOARD WIRELESS,KEYBOARD WIRELESS ACER LV1600 GRAY (BLUETOOTH),Interface : Bluetooth / USB Wireless 2.4GHz / 79 Keys / TH / EN / Multi device : 3 / Windows Support,LT,899
KEYBOARD WIRELESS,KEYBOARD WIRELESS ACER LV1600 BEIGE BROWN (BLUETOOTH),Interface : Bluetooth / USB Wireless 2.4GHz / 79 Keys / TH / EN / Multi device : 3 / Windows Support,LT,920
KEYBOARD WIRELESS,KEYBOARD WIRELESS LOGITECH K380S GRAPHITE (BLUETOOTH),Interface : Bluetooth / 80 Keys/ TH / EN / Multi device : 3 / Windows Support / Logi Options+ Software Support,1Y,1015
KEYBOARD WIRELESS,KEYBOARD WIRELESS LOGITECH K380S ROSE (BLUETOOTH),Interface : Bluetooth / 80 Keys/ TH / EN / Multi device : 3 / Windows Support / Logi Options+ Software Support,1Y,1015
KEYBOARD WIRELESS,KEYBOARD WIRELESS LOGITECH K380S WHITE (BLUETOOTH),Interface : Bluetooth / 80 Keys/ TH / EN / Multi device : 3 / Windows Support / Logi Options+ Software Support,1Y,1015
KEYBOARD WIRELESS,KEYBOARD WIRELESS LOGITECH K650 BLACK (BLUETOOTH),Interface : USB Logi Bolt / Bluetooth low energy / Rubber dome switches / 108 Keys / EN / TH / Windows / Mac OS Support / Software : Logi Options+,1Y,1250
KEYBOARD WIRELESS,KEYBOARD WIRELESS LOGITECH K580 GRAPHITE (BLUETOOTH/EN),Interface : Bluetooth / USB Wireless /101 Keys / EN / Multi device : 3 / Windows Support,1Y,1250
KEYBOARD WIRELESS,KEYBOARD WIRELESS LOGITECH K580 WHITE (BLUETOOTH/EN),Interface : Bluetooth / USB Wireless / 101 Keys / Multi device : 3 / Windows Support,1Y,1250
KEYBOARD WIRELESS,KEYBOARD WIRELESS LOGITECH WAVE KEYS (BLUETOOTH),Interface : USB Logi Bolt / Bluetooth low energy / Rubber dome switches / 109 Keys / EN / TH / Windows / Mac OS Support / Software : Logi Options+,1Y,1620
KEYBOARD WIRELESS,KEYBOARD WIRELESS LOGITECH KEYS TO GO 2 ULTRA SLIM PALE GRAY (BLUETOOTH),Interface : Bluetooth Low Energy / 78 Keys / EN / TH / Windows Support / Logi Options+ Software Support,1Y,1990
KEYBOARD WIRELESS,KEYBOARD WIRELESS LOGITECH KEYS TO GO 2 ULTRA SLIM GRAPHITE (BLUETOOTH),Interface : Bluetooth Low Energy / 78 Keys / EN / TH / Windows Support / Logi Options+ Software Support,1Y,2290
KEYBOARD WIRELESS,KEYBOARD WIRELESS LOGITECH KEYS TO GO 2 ULTRA SLIM LILAC (BLUETOOTH),Interface : Bluetooth Low Energy / 78 Keys / EN / TH / Windows Support / Logi Options+ Software Support,1Y,2290
KEYBOARD WIRELESS,KEYBOARD WIRELESS LOGITECH MX KEYS S GRAPHITE (BLUETOOTH),Interface : Bluetooth 5.0 / 108 Keys / TH / EN / Multi device : 3 / MacOS Support / Windows Support,1Y,3250
KEYBOARD WIRED,KEYBOARD NUBWO NK48 BLACK,Interface : USB / Rubber Dome / 104Keys / EN / TH / Windows Support,1Y,100
KEYBOARD WIRED,KEYBOARD OKER KB318 BLACK/YELLOW,Interface : USB 2.0 / 104 Keys / EN / TH / Windows Support,1Y,125
KEYBOARD WIRED,KEYBOARD OKER KB477 BLACK,Interface : USB 2.0 / 104 Keys / EN / TH / Windows Support,1Y,125
KEYBOARD WIRED,KEYBOARD NUBWO NK035 MINI BLACK,Interface : USB 2.0 / 78 Keys / EN / TH / Windows Support,1Y,139
KEYBOARD WIRED,KEYBOARD NUBWO NK53 BLACK,Interface : USB 2.0 / 84 Keys / EN / TH / Windows Support,1Y,159
KEYBOARD WIRED,KEYBOARD NUBWO NK44 BLACK GRAY,Interface : USB 2.0 / 104 Keys / EN / TH / Windows Support,1Y,165
KEYBOARD WIRED,KEYBOARD NUBWO NK44 LIGHTPEACH WHITE,Interface : USB 2.0 / 104 Keys / EN / TH / Windows Support,1Y,165
KEYBOARD WIRED,KEYBOARD NUBWO NK44 WHITE BLUE,Interface : USB 2.0 / 104 Keys / EN / TH / Windows Support,1Y,165
KEYBOARD WIRED,KEYBOARD NUBWO NK035 MINI WHITE,Interface : USB 2.0 / 78 Keys / EN / TH / Windows Support,1Y,169
KEYBOARD WIRED,KEYBOARD AULA AK205 BLACK,Interface : USB 2.0 / 104 Keys / EN / TH / Windows Support,2*2*0,170
KEYBOARD WIRED,KEYBOARD OKER KB758 BLACK,Interface : USB / 110 Keys / EN / TH / Windows Support,1Y,175
KEYBOARD WIRED,KEYBOARD ANITECH P202,Interface : USB 2.0 / 104 Keys / TH / EN / Windows Support,2Y,180
KEYBOARD WIRED,KEYBOARD NUBWO NK15 QUIET BLACK RED,Interface : USB 2.0 / 104 Keys / EN / TH / Windows Support,1Y,185
KEYBOARD WIRED,KEYBOARD NUBWO NK24 AVALON BLACK,Interface : USB 2.0 / 104 Keys / EN / TH / Windows Support,1Y,185
KEYBOARD WIRED,KEYBOARD NUBWO NK25 AZALIA BLACK,Interface : USB 2.0 / 104 Keys / EN / TH / Windows Support,1Y,195
KEYBOARD WIRED,KEYBOARD DELL KB216 BLACK,Interface : USB 2.0 / 104 Keys / EN / TH / Windows Support,1Y,199
KEYBOARD WIRED,KEYBOARD OKER MINI F8 BLACK,Interface : USB 2.0 / 89 Keys / EN / TH / Windows Support,1Y,199
KEYBOARD WIRED,KEYBOARD OKER KB518 BLACK,Interface : USB 2.0 / 104 Keys / EN / TH / Windows Support,1Y,200
KEYBOARD WIRED,KEYBOARD OKER KB518 BLUE,Interface : USB 2.0 / 104 Keys / EN / TH / Windows Support,1Y,200
KEYBOARD WIRED,KEYBOARD OKER KB518 RED,Interface : USB 2.0 / 104 Keys / EN / TH / Windows Support,1Y,200
KEYBOARD WIRED,KEYBOARD NUBWO NK36 MARS BLACK,Interface : USB 2.0 / 104 Keys / EN / TH / Windows Support,1Y,229
KEYBOARD WIRED,KEYBOARD NUBWO NK41 ZENITH BLACK,Interface : USB / 104 Keys,1Y,229
KEYBOARD WIRED,KEYBOARD ANITECH P302,Interface : USB 2.0 / 107 Keys / TH / EN / Windows Support,2Y,230
KEYBOARD WIRED,KEYBOARD LOGITECH K120 BLACK,Interface : USB 2.0 / 104 Keys / EN / TH / Windows Support,3Y,230
KEYBOARD WIRED,KEYBOARD OKER VA59 BLACK,Interface : USB 2.0 / 104 Keys / EN / TH / Windows Support,1Y,235
KEYBOARD WIRED,KEYBOARD AOC KB110 BLACK,Interface : USB 2.0 / 104 Keys / EN / TH / Windows Support,2*2*0,239
KEYBOARD WIRED,KEYBOARD MOFII SWEET K RETRO LIPBLUE,Interface : USB / 104 Keys / EN / TH / Windows Support,1Y,255
KEYBOARD WIRED,KEYBOARD MOFII SWEET K RETRO LIPGREEN,Interface : USB / 104 Keys / EN / TH / Windows Support,1Y,255
KEYBOARD WIRED,KEYBOARD MOFII SWEET K RETRO LIPMILKTEA,Interface : USB / 104 Keys / EN / TH / Windows Support,1Y,255
KEYBOARD WIRED,KEYBOARD MOFII SWEET K RETRO LIPPINK,Interface : USB / 104 Keys / EN / TH / Windows Support,1Y,255
KEYBOARD WIRED,KEYBOARD MOFII SWEET K RETRO LIPPURPLE,Interface : USB / 104 Keys / EN / TH / Windows Support,1Y,255
KEYBOARD WIRED,KEYBOARD MOFII SWEET K RETRO LIPWHITE,Interface : USB / 104 Keys / EN / TH / Windows Support,1Y,255
KEYBOARD WIRED,KEYBOARD AOC KB200 BLACK,Interface : USB 2.0 / 104 Keys / EN / TH / Windows Support,2*2*0,259
KEYBOARD WIRED,KEYBOARD MOFII RETRO DARKBLUE,Interface : USB 2.0 / 104 Keys / EN / TH / Windows Support,1Y,255
KEYBOARD WIRED,KEYBOARD MOFII RETRO OFFWHITE,Interface : USB 2.0 / 104 Keys / EN / TH / Windows Support,1Y,255
KEYBOARD WIRED,KEYBOARD MOFII LOVE ME ILLUMINATE GREEN,Interface : USB / 104 Keys / EN / TH / Windows Support,1Y,320
KEYBOARD WIRED,KEYBOARD MOFII LOVE ME ILLUMINATE MILKTEA,Interface : USB / 104 Keys / EN / TH / Windows Support,1Y,320
KEYBOARD WIRED,KEYBOARD MOFII LOVE ME ILLUMINATE PINK,Interface : USB / 104 Keys / EN / TH / Windows Support,1Y,320
KEYBOARD WIRED,KEYBOARD NUBWO NK032 FORTUNE SILVER/WHITE,Interface : USB 2.0 / 104 Keys / EN / TH / Windows Support,1Y,390
