category_mainboards,name_mainboards,specifications_mainboards,socket_mainboards,warranty_mainboards,price_mainboards
AMD AM4 (A320 - A520),MAINBOARD (AM4) LONGWELL A320M-VH DDR4,Socket AM4 / AMD A320 / 2xDDR4 / 1xPCIe 3.0 / 4xSATA / 1xM.2 Slot / Micro ATX / 1xD-Sub / 1xHDMI / 1xLAN 1Gb,Socket AM4,1Y,1390
AMD AM4 (A320 - A520),MAINBOARD (AM4) LONGWELL A520M-YH DDR4,Socket AM4 / AMD A520 / 2xDDR4 / 1xPCIe 3.0 / 4xSATA / 1xM.2 Slot / Micro ATX / 1xD-Sub / 1xHDMI / 1xLAN 1Gb,Socket AM4,1Y,1450
AMD AM4 (A320 - A520),MAINBOARD (AM4) MSI A520M-A PRO DDR4,Socket AM4 / AMD A520 / 2xDDR4 / 1xPCIe3.0 / 4xSATA / 1xM.2 Slot / Micro ATX / 1xLAN 1Gb,Socket AM4,3Y,1450
AMD AM4 (A320 - A520),MAINBOARD (AM4) GIGABYTE A520M-K V2 DDR4 (REV. 1.1),Socket AM4 / AMD A520 / 2xDDR4 / 1xPCIe3.0 / 4xSATA / 1xM.2 Slot / Micro ATX / 1xD-Sub / 1xHDMI / 1xLAN 1Gb,Socket AM4,3Y,1450
AMD AM4 (A320 - A520),MAINBOARD (AM4) ASROCK A520M-HVS DDR4,Socket AM4 / AMD A520 / 2xDDR4 / 1xPCIe3.0 / 4xSATA / 1xM.2 Slot / Micro ATX / 1xD-Sub / 1xHDMI / 1xLAN 1Gb,Socket AM4,3Y,1460
AMD AM4 (A320 - A520),MAINBOARD (AM4) ASUS PRIME A520M-K DDR4,Socket AM4 / AMD A520 / 2xDDR4 / 1xPCIe 3.0 / 4xSATA / 1xM.2 Slot / Micro ATX / 1xD-Sub / 1xHDMI / 1xLAN 1Gb,Socket AM4,3Y,1500
AMD AM4 (A320 - A520),MAINBOARD (AM4) ASUS PRIME A520M-K/CSM (DDR4),Socket AM4 / AMD A520 / 2xDDR4 / 1xPCIe 3.0 / 4xSATA / 1xM.2 Slot / Micro ATX / 1xD-Sub / 1xHDMI / 1xLAN 1Gb,Socket AM4,3Y,1450
AMD AM4 (A320 - A520),MAINBOARD (AM4) GIGABYTE A520M H ARGB DDR4 (rev. 1.0),Socket AM4 / AMD A520 / 2xDDR4 / 1xPCIe 3.0 / 4xSATA / 1xM.2 Slots / Micro ATX / 1xHDMI / 1xDisplayPort / 1xLAN 1Gb,Socket AM4,3Y,1690
AMD AM4 (A320 - A520),MAINBOARD (AM4) GIGABYTE A520M S2H DDR4 (REV. 1.3),Socket AM4 / AMD A520 / 2xDDR4 / 1xPCIe 3.0 / 4xSATA / 1xM.2 Slot / Micro ATX / 1xD-Sub / 1xDVI / 1xHDMI / 1xLAN 1Gb,Socket AM4,3Y,2010
AMD AM4 (B450 - B550),MAINBOARD (AM4) LONGWELL B450M-VDH DDR4,Socket AM4 / AMD B450 / 2xDDR4 / 1xPCIe3.0 / 4xSATA / 1xM.2 Slots / Micro ATX / 1xVGA / 1xDVI / 1xHDMI / 1xLAN 1Gb,Socket AM4,3Y,1480
AMD AM4 (B450 - B550),MAINBOARD (AM4) ASROCK B450M HDV DDR4 R4.0,Socket AM4 / AMD B450 / 2xDDR4 / 1xPCIe3.0 / 4xSATA / 1xM.2 Slots / Micro ATX / 1xLAN 1Gb,Socket AM4,3Y,1550
AMD AM4 (B450 - B550),MAINBOARD (AM4) ASROCK B450M PRO4 DDR4 R2.0,Socket AM4 / AMD B450 / 4xDDR4 / 1xPCIe3.0 / 4xSATA / 1xM.2 Slots / Micro ATX / 1xLAN 1Gb,Socket AM4,3Y,2350
AMD AM4 (B450 - B550),MAINBOARD (AM4) GIGABYTE B450M DS3H V3 DDR4 (REV. 1.5),Socket AM4 / AMD B450 / 4xDDR4 / 1xPCIe 3.0 / 4xSATA / 1xM.2 Slot / Micro ATX / 1xHDMI / 1xLAN 1Gb,Socket AM4,3Y,2290
AMD AM4 (B450 - B550),MAINBOARD (AM4) ASROCK B450M STEEL LEGEND DDR4,Socket AM4 / AMD B450 / 4xDDR4 / 1xPCIe3.0 / 4xSATA / 2xM.2 Slots / Micro ATX / 1xLAN 1Gb,Socket AM4,3Y,2770
AMD AM4 (B450 - B550),MAINBOARD (AM4) ASROCK B550M HDV DDR4,Socket AM4 / AMD B550 / 2xDDR4 / 1xPCIe4.0 / 4xSATA / 1xM.2 Slots / Micro ATX / 1xLAN 1Gb,Socket AM4,3Y,2290
AMD AM4 (B450 - B550),MAINBOARD (AM4) ASROCK B550M PHANTOM GAMING4,Socket AM4 / AMD B550 / 4xDDR4 / 1xPCIe 4.0 / 4xSATA / 2xM.2 Slots / Micro ATX / 1xHDMI / 1xDisplayPort / 1xLAN 1Gb,Socket AM4,3Y,2590
AMD AM4 (B450 - B550),MAINBOARD (AM4) GIGABYTE B550M DS3H R2 DDR4 (REV. 1.0),Socket AM4 / AMD B550 / 4xDDR4 / 1xPCIe 4.0 / 4xSATA / 2xM.2 Slots / Micro ATX / 1xHDMI / 1xDisplayPort / 1xLAN 1Gb,Socket AM4,3Y,2990
AMD AM4 (B450 - B550),MAINBOARD (AM4) MSI B550M PRO VDH WIFI DDR4,Socket AM4 / AMD B550 / 4xDDR4 / 1xPCIe 4.0 / 4xSATA / 2xM.2 Slots / Micro ATX / 1xD-Sub / 1xHDMI / 1xDisplayPort / 1xLAN 1Gb / WiFi 5,Socket AM4,3Y,3090
AMD AM4 (B450 - B550),MAINBOARD (AM4) ASROCK B550M STEEL LEGEND DDR4,Socket AM4 / AMD B550 / 4xDDR4 / 1xPCIe4.0 / 6xSATA / 2xM.2 Slots / Micro ATX / 1xLAN 2.5Gb,Socket AM4,3Y,3590
AMD AM4 (B450 - B550),MAINBOARD (AM4) GIGABYTE B550M GAMING X WIFI6 DDR4 (REV. 1.0),Socket AM4 / AMD B550 / 4xDDR4 / 1xPCIe 4.0 / 4xSATA / 2xM.2 Slots / Micro ATX / 1xHDMI / 1xDisplayPort / 1xLAN 1Gb,Socket AM4,3Y,3650
AMD AM4 (B450 - B550),MAINBOARD (AM4) GIGABYTE B550 EAGLE WIFI6 DDR4 (REV. 1.0),Socket AM4 / AMD B550 / 4xDDR4 / 1xPCIe 4.0 / 4xSATA / 2xM.2 Slots / ATX / 1xHDMI / 1xLAN 1Gb / WiFi 6,Socket AM4,3Y,4150
AMD AM4 (B450 - B550),MAINBOARD (AM4) ASROCK B550M-ITX/AC DDR4,Socket AM4 / AMD B550 / 2xDDR4 / 1xPCIe 4.0 / 4xSATA / 1xM.2 Slot / Mini ITX / 1xHDMI / 1xDisplayPort / 1xLAN 1Gb / WiFi 5,Socket AM4,3Y,4590
AMD AM5 (A620),MAINBOARD (AM5) ASROCK A620AM-H2 DDR5,Socket AM5 / AMD A620A / 2xDDR5 / 1xPCIe 4.0 / 2xSATA / 2xM.2 Slots / Micro ATX / 2xHDMI / 1xLAN 1Gb,Socket AM5,3Y,2250
AMD AM5 (A620),MAINBOARD (AM5) MSI PRO A620AM-B EVO DDR5,Socket AM5 / AMD A620A / 2xDDR5 / 1xPCIe 4.0 / 2xSATA / 1xM.2 Slot / Micro ATX / 1xD-Sub / 1xHDMI / 1xLAN 2.5Gb,Socket AM5,3Y,2250
AMD AM5 (A620),MAINBOARD (AM5) ASROCK A620AM PRO RS DDR5,Socket AM5 / AMD A620A / 4xDDR5 / 1xPCIe 4.0 / 2xSATA / 3xM.2 Slots / Micro ATX / 1xHDMI / 1xDisplayPort / 1xLAN 2.5Gb,Socket AM5,3Y,3390
AMD AM5 (A620),MAINBOARD (AM5) ASROCK A620M PRO RS WIFI DDR5,Socket AM5 / AMD A620 / 4xDDR5 / 1xPCIe4.0 / 4xSATA / 3xM.2 Slots / Micro ATX / 1xLAN 1Gb / WiFi 6E,Socket AM5,3Y,3550
AMD AM5 (A620),MAINBOARD (AM5) ASUS TUF GAMING A620M PLUS WIFI DDR5,Socket AM5 / AMD A620 / 4xDDR5 / 1xPCIe4.0 / 4xSATA / 2xM.2 Slots / Micro ATX / 1xHDMI / 1xDisplayPort / 1xLAN 2.5Gb / WiFi 6,Socket AM5,3Y,3950
AMD AM5 (B650 - B850),MAINBOARD (AM5) MSI PRO B650M-B DDR5,Socket AM5 / AMD B650 / 2xDDR5 / 1xPCIe 4.0 / 4xSATA / 1xM.2 Slot / Micro ATX / 1xD-Sub / 1xHDMI / 1xLAN 1Gb + 1xLAN 2.5Gb,Socket AM5,3Y,2750
AMD AM5 (B650 - B850),MAINBOARD (AM5) ASROCK B650M-H/M.2+ DDR5,Socket AM5 / AMD B650 / 2xDDR5 / 1xPCIe 4.0 / 4xSATA / 2xM.2 Slots / Micro ATX / 1xHDMI / 1xDisplayPort / 1xLAN 1Gb,Socket AM5,3Y,3150
AMD AM5 (B650 - B850),MAINBOARD (AM5) MSI B650M GAMING WIFI DDR5,Socket AM5 / AMD B650 / 2xDDR5 / 1xPCIe 4.0 / 4xSATA / 2xM.2 Slots / Micro ATX / 1xHDMI / 1xDisplayPort / 1xLAN 2.5Gb / WiFi 6E,Socket AM5,3Y,3150
AMD AM5 (B650 - B850),MAINBOARD (AM5) ASUS B650M-AYW WIFI DDR5,Socket AM5 / AMD B650 / 2xDDR5 / 1xPCIe 4.0 / 4xSATA / 2xM.2 Slots / Micro ATX / 1xHDMI / 1xLAN 2.5Gb / WiFi 6,Socket AM5,3Y,3450
AMD AM5 (B650 - B850),MAINBOARD (AM5) GIGABYTE B650I AORUS ULTRA DDR5 (REV. 1.0),Socket AM5 / AMD B650 / 2xDDR5 / 1xPCIe4.0 / 4xSATA / 3xM.2 Slots / Mini ITX / 1xHDMI / 1xDisplayPort / 1xLAN 2.5Gb / WiFi 6E,Socket AM5,3Y,10650
AMD AM5 (B650 - B850),MAINBOARD (AM5) ASROCK B650M PG LIGHTNING DDR5,Socket AM5 / AMD B650 / 4xDDR5 / 1xPCIe 4.0 / 6xSATA / 3xM.2 Slots / Micro ATX / 1xHDMI / 1xDisplayPort / 1xLAN 2.5Gb,Socket AM5,3Y,2990
AMD AM5 (B650 - B850),MAINBOARD (AM5) GIGABYTE B650M D3HP DDR5,Socket AM5 / AMD B650 / 4xDDR5 / 1xPCIe 4.0 / 4xSATA / 2xM.2 Slots / Micro ATX /1xHDMI / 1xDisplayPort / 1xLAN 2.5Gb,Socket AM5,3Y,3350
AMD AM5 (B650 - B850),MAINBOARD (AM5) MSI PRO B650M-P DDR5,Socket AM5 / AMD B650 / 4xDDR5 / 1xPCIe 4.0 / 4xSATA / 2xM.2 Slots / Micro ATX / 1xD-Sub / 1xHDMI / 1xDisplayPort / 1xLAN 2.5Gb,Socket AM5,3Y,3050
AMD AM5 (B650 - B850),MAINBOARD (AM5) ASUS PRIME B650M-A II DDR5,Socket AM5 / AMD B650 / 4xDDR5 / 1xPCIe4.0 / 4xSATA / 2xM.2 Slots / Micro ATX / 1xVGA / 1xHDMI / 1xDisplayPort / 1xLAN 2.5Gb,Socket AM5,3Y,3260
AMD AM5 (B650 - B850),MAINBOARD (AM5) ASROCK B650M PG LIGHTNING WIFI DDR5,Socket AM5 / AMD B650 / 4xDDR5 / 1xPCIe 4.0 / 4xSATA / 3xM.2 Slots / Micro ATX / 1xHDMI / 1xDisplayPort / 1xLAN 2.5Gb / WiFi 6E,Socket AM5,3Y,3690
AMD AM5 (B650 - B850),MAINBOARD (AM5) ASROCK B650M PRO RS DDR5,Socket AM5 / AMD B650 / 4xDDR5 / 1xPCIe 4.0 / 4xSATA / 3xM.2 Slots / Micro ATX / 1xHDMI / 1xDisplayPort / 1xLAN 2.5Gb,Socket AM5,3Y,4170
AMD AM5 (B650 - B850),MAINBOARD (AM5) ASUS TUF GAMING B650M-PLUS WIFI DDR5,Socket AM5 / AMD B650 / 4xDDR5 / 1xPCIe4.0 / 4xSATA / 2xM.2 / Micro ATX / 1xHDMI / 1xDisplayPort / 1xLAN 2.5Gb / WiFi 6,Socket AM5,3Y,5450
AMD AM5 (B650 - B850),MAINBOARD (AM5) GIGABYTE B650 AORUS ELITE AX DDR5 (REV. 1.0),Socket AM5 / AMD B650 / 4xDDR5 / 1xPCIe 4.0 / 4xSATA / 3xM.2 Slots / ATX / 1xHDMI / 1xDisplayPort / 1xLAN 2.5Gb / WiFi 6E,Socket AM5,3Y,6990
AMD AM5 (B650 - B850),MAINBOARD (AM5) ASUS PRIME B850M-K,Socket AM5 / AMD B850 / 2xDDR5 / 1xPCIe 5.0 / 4xSATA / 2xM.2 Slots / Micro ATX / 1xHDMI / 1xDisplayPort / 1xLAN 2.5Gb,Socket AM5,3Y,3990
AMD AM5 (B650 - B850),MAINBOARD (AM5) ASROCK B850M-X R2.0 DDR5,Socket AM5 / AMD B850 / 2xDDR5 / 1xPCIe 5.0 / 4xSATA / 2xM.2 Slots / ATX / 1xHDMI / 1xDisplayPort / 1xLAN 2.5Gb,Socket AM5,3Y,3750
AMD AM5 (B650 - B850),MAINBOARD (AM5) ASROCK B850M-X DDR5,Socket AM5 / AMD B850 / 2xDDR5 / 1xPCIe 4.0 / 4xSATA / 2xM.2 Slots / Micro ATX / 1xHDMI / 1xDisplayPort / 1xLAN 2.5Gb,Socket AM5,3Y,3990
AMD AM5 (B650 - B850),MAINBOARD (AM5) ASROCK B850M-X WIFI R2.0 DDR5,Socket AM5 / AMD B850 / 2xDDR5 / 1xPCIe 5.0 / 4xSATA / 2xM.2 Slots / ATX / 1xHDMI / 1xDisplayPort / 1xLAN 2.5Gb / WiFi 6E,Socket AM5,3Y,4150
AMD AM5 (B650 - B850),MAINBOARD (AM5) MSI B850M GAMING WIFI DDR5,Socket AM5 / AMD B850 / 2xDDR5 / 1xPCIe 5.0 / 4xSATA / 2xM.2 Slots / Micro ATX / 1xHDMI / 1xDisplayPort / 1xLAN 5Gb / WiFi 7,Socket AM5,3Y,4290
AMD AM5 (B650 - B850),MAINBOARD (AM5) GIGABYTE B850M C DDR5 WIFI7 (REV 1.0),Socket AM5 / AMD B850 / 4xDDR5 / 1xPCIe 5.0 / 4xSATA / 3xM.2 Slots / Micro ATX / 1xHDMI / 1xDisplayPort / 1xLAN 2.5Gb / WiFi 7,Socket AM5,3Y,3990
AMD AM5 (B650 - B850),MAINBOARD (AM5) ASROCK B850M PRO-A DDR5,Socket AM5 / AMD B850 / 4xDDR5 / 1xPCIe 5.0 / 4xSATA / 3xM.2 Slots / Micro ATX / 1xHDMI / 1xDisplayPort / 1xLAN 2.5Gb,Socket AM5,3Y,4490
AMD AM5 (B650 - B850),MAINBOARD (AM5) ASROCK B850M PRO RS DDR5,Socket AM5 / AMD B850 / 4xDDR5 / 1xPCIe 5.0 / 4xSATA / 3xM.2 Slots / Micro ATX / 1xHDMI / 1xDisplayPort / 1xLAN 2.5Gb,Socket AM5,3Y,4550
AMD AM5 (B650 - B850),MAINBOARD (AM5) GIGABYTE B850M DS3H DDR5 (REV. 1.2),Socket AM5 / AMD B850 / 4xDDR5 / 1xPCIe 5.0 / 4xSATA / 2xM.2 Slots / Micro ATX / 1xHDMI / 2xDisplayPort / 1xLAN 2.5Gb,Socket AM5,3Y,4590
AMD AM5 (B650 - B850),MAINBOARD (AM5) GIGABYTE B850M DS3H DDR5 (REV. 1.0),Socket AM5 / AMD B850 / 4xDDR5 / 1xPCIe 5.0 / 4xSATA / 2xM.2 Slots / Micro ATX / 1xHDMI / 2xDisplayPort / 1xLAN 2.5Gb,Socket AM5,3Y,4590
AMD AM5 (B650 - B850),MAINBOARD (AM5) GIGABYTE B850M DS3H ICE DDR5 (REV. 1.0),Socket AM5 / AMD B850 / 4xDDR5 / 1xPCIe 5.0 / 4xSATA / 2xM.2 Slots / Micro ATX / 1xHDMI / 2xDisplayPort / 1xLAN 2.5Gb,Socket AM5,3Y,4590
AMD AM5 (B650 - B850),MAINBOARD (AM5) COLORFUL BATTLE-AX B850M-PLUS S WIFI7 V14 DDR5,Socket AM5 / AMD B850 / 4xDDR5 / 1xPCIe 5.0 / 2xSATA / 4xM.2 Slots / Micro ATX / 1xHDMI / 1xDisplayPort / 1xLAN 5Gb / WiFi 7,Socket AM5,3Y,4850
AMD AM5 (B650 - B850),MAINBOARD (AM5) ASROCK B850M PRO-A WIFI DDR5,Socket AM5 / AMD B850 / 4xDDR5 / 1xPCIe 5.0 / 4xSATA / 3xM.2 Slots / Micro ATX / 1xHDMI / 1xDisplayPort / 1xLAN 2.5Gb / WiFi 6E,Socket AM5,3Y,4690
AMD AM5 (B650 - B850),MAINBOARD (AM5) MSI PRO B850M-P-WIFI DDR5,Socket AM5 / AMD B850 / 4xDDR5 / 1xPCIe5.0 / 4xSATA / 3xM.2 Slots / Micro ATX / 1xHDMI / 1xDisplayPort / 1xLAN 5Gb / WiFi 7,Socket AM5,3Y,5150
AMD AM5 (B650 - B850),MAINBOARD (AM5) ASROCK B850M PRO RS WIFI DDR5,Socket AM5 / AMD B850 / 4xDDR5 / 1xPCIe 5.0 / 4xSATA / 3xM.2 Slots / Micro ATX / 1xHDMI / 1xDisplayPort / 1xLAN 2.5Gb / WiFi 6E,Socket AM5,3Y,5290
AMD AM5 (B650 - B850),MAINBOARD (AM5) GIGABYTE B850M EAGLE WIFI6E DDR5 (rev. 1.1),,Socket AM5,3Y,5590
AMD AM5 (B650 - B850),MAINBOARD (AM5) ASROCK B850M STEEL LEGEND WIFI DDR5,Socket AM5 / AMD B850 / 4xDDR5 / 1xPCIe 5.0 / 4xSATA / 3xM.2 Slots / Micro ATX / 1xHDMI / 1xDisplayPort / 1xLAN 2.5Gb / WiFi 7,Socket AM5,3Y,5650
AMD AM5 (B650 - B850),MAINBOARD (AM5) GIGABYTE B850M GAMING X WIFI6E DDR5 (REV. 1.0),Socket AM5 / AMD B850 / 4xDDR5 / 1xPCIe 5.0 / 4xSATA / 2xM.2 Slots / Micro ATX / 1xHDMI / 2xDisplayPort / 1xLAN 2.5Gb / WiFi 6E,Socket AM5,3Y,6490
AMD AM5 (B650 - B850),MAINBOARD (AM5) MSI MAG B850M MORTAR WIFI DDR5,Socket AM5 / AMD B850 / 4xDDR5 / 1xPCIe 5.0 / 4xSATA / 3xM.2 Slots / Micro ATX / 1xHDMI / 1xLAN 5Gb,Socket AM5,3Y,6990
AMD AM5 (B650 - B850),MAINBOARD (AM5) GIGABYTE B850M AORUS ELITE WIFI6E DDR5 (REV. 1.1),Socket AM5 / AMD B850 / 4xDDR5 / 1xPCIe 5.0 / 4xSATA / 2xM.2 Slots / Micro ATX / 1xHDMI(Front) / 1xDisplayPort / 1xLAN 2.5Gb / WiFi 6E,Socket AM5,3Y,7150
AMD AM5 (B650 - B850),MAINBOARD (AM5) GIGABYTE B850M AORUS ELITE WIFI6E ICE DDR5 (REV. 1.1),Socket AM5 / AMD B850 / 4xDDR5 / 1xPCIe 5.0 / 4xSATA / 2xM.2 Slots / Micro ATX / 1xHDMI(Front) / 1xDisplayPort / 1xLAN 2.5Gb / WiFi 6E,Socket AM5,3Y,7150
AMD AM5 (B650 - B850),MAINBOARD (AM5) ASUS TUF GAMING B850M-PLUS DDR5,Socket AM5 / AMD B850 / 4xDDR5 / 1xPCIe 5.0 / 4xSATA / 3xM.2 Slots / Micro ATX / 1xHDMI / 1xDisplayPort / 1xLAN 2.5Gb,Socket AM5,3Y,7320
AMD AM5 (B650 - B850),MAINBOARD (AM5) ASUS TUF GAMING B850M-PLUS WIFI DDR5,Socket AM5 / AMD B850 / 4xDDR5 / 1xPCIe 5.0 / 2xSATA / 3xM.2 Slots / Micro ATX / 1xHDMI / 1xDisplayPort / 1xLAN 2.5Gb / WiFi 6E,Socket AM5,3Y,7590
AMD AM5 (B650 - B850),MAINBOARD (AM5) ASROCK B850 PRO-A DDR5,Socket AM5 / AMD B850 / 4xDDR5 / 1xPCIe 5.0 / 2xSATA / 4xM.2 Slots / ATX / 1xHDMI / 1xUSB Type-C(DP) / 1xLAN 2.5Gb,Socket AM5,3Y,5050
AMD AM5 (B650 - B850),MAINBOARD (AM5) MSI B850 GAMING PLUS WIFI6E DDR5,Socket AM5 / AMD B850 / 4xDDR5 / 1xPCIe 4.0 / 4xSATA / 2xM.2 Slots / ATX / 1xHDMI / 1xDisplayPort / 1xLAN 2.5Gb / WiFi 6E,Socket AM5,3Y,5990
AMD AM5 (B650 - B850),MAINBOARD (AM5) GIGABYTE B850 EAGLE WIFI6E DDR5 (REV. 1.0),Socket AM5 / AMD B850 / 4xDDR5 / 1xPCIe 5.0 / 4xSATA / 3xM.2 Slots / ATX / 1xHDMI / 1xDisplayPort / 1xLAN 1Gb / WiFi 6E,Socket AM5,3Y,6150
AMD AM5 (B650 - B850),MAINBOARD (AM5) MSI PRO B850-P WIFI DDR5,Socket AM5 / AMD B850 / 4xDDR5 / 1xPCIe 5.0 / 4xSATA / 3xM.2 Slots / ATX / 1xHDMI / 1xLAN 5Gb / WiFi 7,Socket AM5,3Y,6650
AMD AM5 (B650 - B850),MAINBOARD (AM5) ASROCK B850 LIVEMIXER WIFI DDR5,Socket AM5 / AMD B850 / 4xDDR5 / 1xPCIe 5.0 / 2xSATA / 3xM.2 Slots / ATX / 1xHDMI / 1xDisplayPort / 1xLAN 2.5Gb / WiFi 7,Socket AM5,3Y,7290
AMD AM5 (B650 - B850),MAINBOARD (AM5) MSI B850 GAMING PLUS WIFI DDR5,Socket AM5 / AMD B850 / 4xDDR5 / 1xPCIe 5.0 / 4xSATA / 3xM.2 Slots / ATX / 1xDisplayPort / 1xLAN 5Gb / WiFi 7,Socket AM5,3Y,7290
AMD AM5 (B650 - B850),MAINBOARD (AM5) GIGABYTE B850 AORUS ELITE WIFI7 ICE DDR5 (REV. 1.1),Socket AM5 / AMD B850 / 4xDDR5 / 1xPCIe 5.0 / 4xSATA / 3xM.2 Slots / ATX / 1xHDMI(Front) / 1xDisplayPort / 1xLAN 2.5Gb / WiFi 7,Socket AM5,3Y,7890
AMD AM5 (B650 - B850),MAINBOARD (AM5) GIGABYTE B850 AORUS ELITE WIFI7 ICE DDR5 (REV. 1.0),Socket AM5 / AMD B850 / 4xDDR5 / 1xPCIe 5.0 / 4xSATA / 3xM.2 Slots / ATX / 1xHDMI(Front) / 1xDisplayPort / 1xLAN 2.5Gb / WiFi 7,Socket AM5,3Y,7890
AMD AM5 (B650 - B850),MAINBOARD (AM5) GIGABYTE B850 AORUS STEALTH ICE DDR5 (rev. 1.0),Socket AM5 / AMD B850 / 4xDDR5 / 1xPCIe 5.0 / 2xSATA / 4xM.2 Slots / ATX / 1xHDMI / 1xLAN 5Gb / WiFi 7,Socket AM5,3Y,9550
AMD AM5 (B650 - B850),MAINBOARD (AM5) GIGABYTE B850 AORUS STEALTH DDR5 (rev. 1.0),Socket AM5 / AMD B850 / 4xDDR5 / 1xPCIe 5.0 / 2xSATA / 4xM.2 Slots / ATX / 1xHDMI / 1xLAN 5Gb / WiFi 7,Socket AM5,3Y,9550
AMD AM5 (B650 - B850),MAINBOARD (AM5) GIGABYTE B850 AI TOP DDR5,Socket AM5 / AMD B850 / 4xDDR5 / 2xPCIe 5.0 / 4xSATA / 3xM.2 Slots / ATX / 1xHDMI / 1xUSB Type-C(DP) / 2xLAN 10Gb / WiFi 7,Socket AM5,3Y,15990
AMD AM5 (B650 - B850),MAINBOARD (AM5) GIGABYTE B850I AORUS PRO DDR5 (REV. 1.0),Socket AM5 / AMD B850 / 2xDDR5 / 1xPCIe 5.0 / 2xSATA / 2xM.2 Slots / MIni ITX / 1xHDMI / 1xLAN 2.5Gb / WiFi 7,Socket AM5,3Y,10190
AMD AM5 (B650 - B850),MAINBOARD (AM5) GIGABYTE B850I AORUS PRO DDR5 (REV. 1.1),Socket AM5 / AMD B850 / 2xDDR5 / 1xPCIe 5.0 / 2xSATA / 2xM.2 Slots / Mini ITX / 1xHDMI / 1xLAN 2.5Gb / WiFi 7,Socket AM5,3Y,10190
AMD AM5 (X670 - X870),MAINBOARD (AM5) MSI X670E GAMING PLUS WIFI DDR5,Socket AM5 / AMD X670 / 4xDDR5 / 1xPCIe 5.0 / 4xSATA / 4xM.2 Slots / ATX / 1xHDMI / 1xDisplayPort / 1xLAN 2.5Gb / WiFi 6E,Socket AM5,3Y,7250
AMD AM5 (X670 - X870),MAINBOARD (AM5) GIGABYTE X870 GAMING WIFI6 DDR5 (REV. 1.0),Socket AM5 / AMD X870 / 4xDDR5 / 1xPCIe 5.0 / 4xSATA / 2xM.2 Slots / ATX / 1xHDMI / 2xUSB Type-C(DP) / 1xLAN 2.5Gb / WiFi 6,Socket AM5,3Y,6890
AMD AM5 (X670 - X870),MAINBOARD (AM5) ASROCK X870 PRO RS DDR5,Socket AM5 / AMD X870 / 4xDDR5 / 1xPCIe 5.0 / 4xSATA / 3xM.2 Slots / ATX / 1xHDMI / 2xUSB Type-C(DP) / 1xLAN 2.5Gb,Socket AM5,3Y,6990
AMD AM5 (X670 - X870),MAINBOARD (AM5) ASROCK X870 PRO RS WIFI DDR5,Socket AM5 / AMD X870 / 4xDDR5 / 1xPCIe 5.0 / 2xSATA / 3xM.2 Slots / ATX / 1xHDMI / 2xUSB Type-C(DP) / 1xLAN 2.5Gb / WiFi 7,Socket AM5,3Y,7390
AMD AM5 (X670 - X870),MAINBOARD (AM5) COLORFUL BATTLE-AX X870A-GHA V14 WIFI,Socket AM5 / AMD X870 / 4xDDR5 / 1xPCIe5.0 / 4xSATA / 3xM.2 Slots / ATX / 1xHDMI / 1xDisplayPort / 1xUSB Type-C(DP) / 1xLAN 5Gb / WiFi 6,Socket AM5,3Y,7490
AMD AM5 (X670 - X870),MAINBOARD (AM5) COLORFUL CVN X870 ARK FROZEN V14 WIFI6 DDR5,Socket AM5 / AMD X870 / 4xDDR5 / 1xPCIe 5.0 / 4xSATA / 3xM.2 Slots / Micro ATX / 1xHDMI / 1xDisplayPort / 1xUSB Type-C(DP) / 1xLAN 5Gb / WiFi 7,Socket AM5,3Y,7690
AMD AM5 (X670 - X870),MAINBOARD (AM5) ASUS PRIME X870-P-CSM DDR5,Socket AM5 / AMD X870 / 4xDDR5 / 1xPCIe 5.0 / 2xSATA / 4xM.2 Slots / ATX / 1xHDMI / 2xUSB Type-C(DP) / 1xLAN 2.5Gb,Socket AM5,3Y,7590
AMD AM5 (X670 - X870),MAINBOARD (AM5) GIGABYTE X870 EAGLE WIFI7 DDR5 (REV. 1.1),Socket AM5 / AMD X870 / 4xDDR5 / 1xPCIe 5.0 / 4xSATA / 3xM.2 Slots / ATX / 1xHDMI / 2xUSB Type-C(DP) / 1xLAN 2.5Gb / WiFi 7,Socket AM5,3Y,7790
AMD AM5 (X670 - X870),MAINBOARD (AM5) MSI PRO X870-P WIFI DDR5,Socket AM5 / AMD X870 / 4xDDR5 / 1xPCIe 5.0 / 4xSATA / 3xM.2 Slots / ATX / 1xHDMI / 1xUSB Type-C(DP) / 1xLAN 5Gb / WiFi 7,Socket AM5,3Y,7890
AMD AM5 (X670 - X870),MAINBOARD (AM5) COLORFUL IGAME X870 SENNA V14 DDR5,Socket AM5 / AMD X870 / 4xDDR5 / 1xPCIe 5.0 / 4xSATA / 3xM.2 Slots / ATX / 1xHDMI / 1xUSB Type-C(DP) / 1xLAN 5Gb / WiFi 7,Socket AM5,3Y,8190
AMD AM5 (X670 - X870),MAINBOARD (AM5) MSI MPG X870 TOMAHAWK WIFI DDR5,Socket AM5 / AMD X870 / 4xDDR5 / 1xPCIe 5.0 / 4xSATA / 4xM.2 Slots / ATX / 1xHDMI / 2xUSB Type-C(DP) / 1xLAN 5Gb / WiFi 7,Socket AM5,3Y,9550
AMD AM5 (X670 - X870),MAINBOARD (AM5) ASROCK X870 STEEL LEGEND WIFI DDR5,Socket AM5 / AMD X870 / 4xDDR5 / 1xPCIe 5.0 / 4xSATA / 3xM.2 Slots / ATX / 1xHDMI / 2xUSB Type-C(DP) / 1xLAN 2.5Gb / WiFi 7,Socket AM5,3Y,9650
AMD AM5 (X670 - X870),MAINBOARD (AM5) GIGABYTE X870 AORUS ELITE WIFI7 DDR5 (REV. 1.1),Socket AM5 / AMD X870 / 4xDDR5 / 1xPCIe 5.0 / 4xSATA / 4xM.2 Slots / ATX / 1xHDMI / 2xUSB Type-C(DP) / 1xLAN 2.5Gb / WiFi 7,Socket AM5,3Y,9750
AMD AM5 (X670 - X870),MAINBOARD (AM5) GIGABYTE X870 AORUS ELITE WIFI7 ICE DDR5 (REV. 1.1),Socket AM5 / AMD X870 / 4xDDR5 / 1xPCIe 5.0 / 4xSATA / 4xM.2 Slots / ATX / 1xHDMI / 2xUSB Type-C(DP) / 1xLAN 2.5Gb / WiFi 7,Socket AM5,3Y,9750
AMD AM5 (X670 - X870),MAINBOARD (AM5) GIGABYTE X870 AORUS STEALTH DDR5 (REV. 1.0),Socket AM5 / AMD X870 / 4xDDR5 / 1xPCIe5.0 / 4xSATA / 4xM.2 Slots / ATX / 1xHDMI / 2xUSB Type-C(DP) / 1xLAN 5Gb / WiFi 7,Socket AM5,3Y,12580
AMD AM5 (X670 - X870),MAINBOARD (AM5) ASUS ROG STRIX X870-A GAMING WIFI DDR5,Socket AM5 / AMD X870 / 4xDDR5 / 1xPCIe 5.0 / 2xSATA / 4xM.2 Slots / ATX / 1xHDMI / 1xDisplayPort / 2xUSB Type-C(DP) / 1xLAN 2.5Gb / WiFi 7,Socket AM5,3Y,16300
AMD AM5 (X670 - X870),MAINBOARD (AM5) ASUS ROG STRIX X870-F GAMING WIFI DDR5,Socket AM5 / AMD X870 / 4xDDR5 / 1xPCIe 5.0 / 4xSATA / 2xM.2 Slots / ATX / 1xHDMI / 1xDisplayPort / 1xUSB Type-C(DP) / 1xLAN 2.5Gb / WiFi 7,Socket AM5,3Y,16400
AMD AM5 (X670 - X870),MAINBOARD (AM5) GIGABYTE X870E AORUS ELITE X3D ICE DDR5 (REV. 1.0),Socket AM5 / AMD X870E / 4xDDR5 / 1xPCIe 5.0 / 4xSATA / 4xM.2 Slots / ATX / 1xHDMI / 1xHDMI(Front) / 2xUSB Type-C(DP) / 1xLAN 5Gb / WiFi 7,Socket AM5,3Y,11690
AMD AM5 (X670 - X870),MAINBOARD (AM5) GIGABYTE X870E AORUS ELITE X3D DDR5 (REV. 1.0),Socket AM5 / AMD X870E / 4xDDR5 / 1xPCIe 5.0 / 4xSATA / 4xM.2 Slots / ATX / 1xHDMI / 1xHDMI(Front) / 2xUSB Type-C(DP) / 1xLAN 5Gb / WiFi 7,Socket AM5,3Y,11690
AMD AM5 (X670 - X870),MAINBOARD (AM5) GIGABYTE X870E AORUS PRO X3D ICE DDR5 (rev. 1.0),Socket AM5 / AMD X870E / 4xDDR5 / 1xPCIe5.0 / 4xSATA / 3xM.2 Slots / ATX / 1xHDMI / 1xHDMI(Front) / 2xUSB Type-C(DP) / 1xLAN 5Gb / WiFi 7,Socket AM5,3Y,14450
AMD AM5 (X670 - X870),MAINBOARD (AM5) ASUS ROG CROSSHAIR X870E APEX,Socket AM5 / AMD X870E / 2xDDR5 / 2xPCIe 5.0 / 4xSATA / 5xM.2 Slots / ATX / 2xUSB Type-C(DP) / 1xLAN 5Gb / WiFi 7,Socket AM5,3Y,24500
AMD AM5 (X670 - X870),MAINBOARD (AM5) GIGABYTE X870I AORUS PRO ICE DDR5 (REV. 1.1),Socket AM5 / AMD X870 / 2xDDR5 / 1xPCIe5.0 / 2xSATA / 2xM.2 Slots / Mini ITX / 1xHDMI / 1xUSB Type-C(DP) / 1xLAN 2.5Gb / WiFi 7,Socket AM5,3Y,13350
AMD TRX50 (TRX - 50),MAINBOARD (TRX50) GIGABYTE TRX50 AERO D (REV. 1.2),Socket sTR5 / AMD TRX50 / 4xDDR5 / 2xPCIe 5.0 + 1xPCIe 4.0 / 8xSATA / 4xM.2 Slots / E-ATX / 1xLAN 2.5Gb + 1xLAN 10Gb / WiFi 7,Socket sTR5,3Y,25900
INTEL 1151 (H110 - Z390),MAINBOARD (1151) LONGWELL H110-D4C DDR4 (REV. 2.0),Socket 1151 / Intel H110 / 2xDDR4 / 1xPCIe3.0 / 3xSATA / 1xM.2 Slot / Micro ATX / 1xD-Sub / 1xHDMI / 1xLAN 1Gb,Socket 1151,3Y,1550
INTEL 1151 (H110 - Z390),MAINBOARD (1151V2) LONGWELL H310-H3M DDR4 (REV. 2.0),Socket 1151V2 / Intel Q370 / 2xDDR4 / 1xPCIe3.0 / 4xSATA / 1xM.2 Slot / Micro ATX / 1xD-Sub / 1xHDMI / 1xLAN 1Gb,Socket 1151V2,3Y,1550
INTEL 1151 (H110 - Z390),MAINBOARD (1151V2) LONGWELL H310-D4N V3 DDR4,Socket 1151V2 / Intel H310 / 2xDDR4 / 1xPCIe3.0 / 3xSATA / 1xM.2 Slot / Micro ATX / 1xD-Sub / 1xHDMI / 1xLAN 10/100Mb,Socket 1151V2,3Y,1550
INTEL 1151 (H110 - Z390),MAINBOARD (1151V2) GIGABYTE H310M M.2 2.0 DDR4 (REV. 1.3),Socket 1151V2 / Intel H310 / 2xDDR4 / 1xPCIe3.0 / 4xSATA / 1xM.2 Slot / Micro ATX / 1xD-Sub / 1xHDMI / 1xLAN 1Gb,Socket 1151V2,3Y,2050
INTEL 1200 (H410 - H510),MAINBOARD (1200) LONGWELL H410-VH DDR4,Socket 1200 / Intel H410 / 2xDDR4 / 1xPCIe3.0 / 3xSATA / 1xM.2 Slot / Micro ATX / 1xD-Sub / 1xHDMI / 1xLAN 1Gb,Socket 1200,3Y,1530
INTEL 1200 (H410 - H510),MAINBOARD (1200) LONGWELL H510-PRO DDR4,Socket 1200 / Intel H510 / 2xDDR4 / 1xPCIe4.0 / 3xSATA / 1xM.2 Slot / Micro ATX / 1xD-Sub / 1xHDMI / 1xLAN 1Gb,Socket 1200,3Y,1700
INTEL 1700 (H610 - H770),MAINBOARD (1700) BIOSTAR H610MHC 2.0 DDR4 (REV. 2.0),Socket 1700 / Intel H610 / 2xDDR4 / 1xPCIe4.0 / 4xSATA / 1xM.2 Slot / Micro ATX / 1xD-Sub / 1xHDMI / 1xLAN 1Gb,Socket 1700,3Y,1490
INTEL 1700 (H610 - H770),MAINBOARD (1700) LONGWELL H610M-4 DDR4,Socket 1700 / Intel Q670 / 2xDDR4 / 1xPCIe4.0 / 3xSATA / 1xM.2 Slot / Micro ATX / 1xD-Sub / 1xHDMI / 1xLAN 1Gb,Socket 1700,1Y,1490
INTEL 1700 (H610 - H770),MAINBOARD (1700) MSI PRO H610M-S DDR4,Socket 1700 / Intel H610 / 2xDDR4 / 1xPCIe4.0 / 2xSATA / 1xM.2 Slot / Micro ATX / 1xHDMI / 1xLAN 1Gb,Socket 1700,3Y,1640
INTEL 1700 (H610 - H770),MAINBOARD (1700) GIGABYTE H610M K DDR4 (REV. 2.0),Socket 1700 / Intel H610 / 2xDDR4 / 1xPCIe4.0 / 2xSATA / 1xM.2 Slot / Micro ATX / 1xHDMI / 1xLAN 1Gb,Socket 1700,3Y,1690
INTEL 1700 (H610 - H770),MAINBOARD (1700) ASUS PRIME H610M-F DDR4 R2.0,Socket 1700 / Intel H610 / 2xDDR4 / 1xPCIe4.0 / 2xSATA / 1xM.2 Slot / Micro ATX / 1xHDMI / 1xLAN 1Gb,Socket 1700,3Y,1710
INTEL 1700 (H610 - H770),MAINBOARD (1700) COLORFUL H610M-D EVO V21 DDR4,Socket 1700 / Intel H610 / 2xDDR4 / 1xPCIe4.0 / 4xSATA / 1xM.2 Slot / Micro ATX / 1xD-Sub / 1xHDMI / 1xLAN 1Gb,Socket 1700,3Y,1790
INTEL 1700 (H610 - H770),MAINBOARD (1700) ASROCK H610M-HVS/M.2 R2.0 DDR4,Socket 1700 / Intel H610 / 2xDDR4 / 1xPCIe4.0 / 4xSATA / 1xM.2 Slot / Micro ATX / 1xD-Sub / 1xHDMI / 1xLAN 1Gb,Socket 1700,3Y,1940
INTEL 1700 (H610 - H770),MAINBOARD (1700) GIGABYTE H610M H V3 DDR4 (REV. 1.0),Socket 1700 / Intel H610 / 2xDDR4 / 1xPCIe4.0 / 4xSATA / 1xM.2 Slot / Micro ATX / 1xD-Sub / 1xHDMI / 1xLAN 1Gb,Socket 1700,3Y,2150
INTEL 1700 (H610 - H770),MAINBOARD (1700) GIGABYTE H610M S2H V2 DDR4 (REV. 1.0),Socket 1700 / Intel H610 / 2xDDR4 / 1xPCIe 4.0 / 4xSATA / 1xM.2 Slot / Micro ATX / 1xD-Sub / 1xDVI / 1xHDMI / 1xDisplayPort / 1xLAN 1Gb,Socket 1700,3Y,2550
INTEL 1700 (H610 - H770),MAINBOARD (1700) COLORFUL H610M-D V20 DDR5,Socket 1700 / Intel H610 / 2xDDR5 / 1xPCIe4.0 / 4xSATA / 1xM.2 Slot / Micro ATX / 1xD-Sub / 1xHDMI / 1xLAN 1Gb,Socket 1700,3Y,1700
INTEL 1700 (H610 - H770),MAINBOARD (1700) MSI PRO H610M-E DDR5,Socket 1700 / Intel H610 / 2xDDR5 / 1xPCIe 4.0 / 4xSATA / 1xM.2 Slot / Micro ATX / 1xD-Sub / 1xHDMI / 1xLAN 1Gb,Socket 1700,3Y,1750
INTEL 1700 (H610 - H770),MAINBOARD (1700) ASUS H610M-K DDR5,Socket 1700 / Intel H610 / 2xDDR5 / 1xPCIe 4.0 / 4xSATA / 1xM.2 Slot / Micro ATX / 1xD-Sub / 1xHDMI / 1xLAN 1Gb,Socket 1700,3Y,1990
INTEL 1700 (H610 - H770),MAINBOARD (1700) GIGABYTE H610M K V2 DDR5 (REV. 1.0),Socket 1700 / Intel H610 / 2xDDR5 / 1xPCIe4.0 / 2xSATA / 1xM.2 Slots / Micro ATX / 1xHDMI / 1xDisplayPort / 1xLAN 1Gb,Socket 1700,3Y,1900
INTEL 1700 (H610 - H770),MAINBOARD (1700) ASROCK H610M-H2/M.2 DDR5,Socket 1700 / Intel H610 / 2xDDR5 / 1xPCIe4.0 / 4xSATA / 1xM.2 Slot / Micro ATX / 2xHDMI / 1xLAN 1Gb,Socket 1700,3Y,1950
INTEL 1700 (H610 - H770),MAINBOARD (1700) ASROCK H610M-HDV/M.2+ DDR5,Socket 1700 / Intel H610 / 2xDDR5 / 1xPCIe4.0 / 4xSATA / 1xM.2 Slot / Micro ATX / 1xD-Sub / 1xHDMI / 1xDisplayPort / 1xLAN 1Gb,Socket 1700,3Y,2160
INTEL 1700 (B660 - B760),MAINBOARD (1700) LONGWELL B760M-AV DDR4,Socket 1700 / Intel B760 / 2xDDR4 / 1xPCIe 4.0 / 3xSATA / 2xM.2 Slots / Micro ATX / 1xHDMI / 1xDisplayPort / 1xLAN 1Gb,Socket 1700,3Y,1950
INTEL 1700 (B660 - B760),MAINBOARD (1700) ASROCK B760M-HDV/M.2 DDR5,Socket 1700 / Intel B760 / 2xDDR5 / 1xPCIe4.0 / 4xSATA / 2xM.2 Slots / Micro ATX / 1xD-Sub / 1xHDMI / 1xDisplayPort / 1xLAN 2.5Gb,Socket 1700,3Y,2690
INTEL 1700 (B660 - B760),MAINBOARD (1700) GIGABYTE B760M D3HP DDR4 (REV. 1.0),Socket 1700 / Intel B760 / 4xDDR4 / 1xPCIe4.0 / 4xSATA / 2xM.2 Slots / Micro ATX / 1xD-Sub / 1xHDMI / 1xDisplayPort / 1xLAN 1Gb,Socket 1700,3Y,2690
INTEL 1700 (B660 - B760),MAINBOARD (1700) ASROCK B760M PRO RS DDR4,Socket 1700 / Intel B760 / 4xDDR4 / 1xPCIe4.0 / 4xSATA / 2xM.2 Slots / Micro ATX / 1xHDMI / 1xDisplayPort / 1xLAN 2.5Gb,Socket 1700,3Y,3690
INTEL 1700 (B660 - B760),MAINBOARD (1700) ASROCK B760 PRO RS DDR5,Socket 1700 / Intel B760 / 4xDDR5 / 1xPCIe5.0 / 4xSATA / 3xM.2 Slots / ATX / 1xHDMI / 1xDisplayPort / 1xLAN 2.5Gb,Socket 1700,3Y,3950
INTEL 1700 (B660 - B760),MAINBOARD (1700) MSI PRO B760M-E DDR5,Socket 1700 / Intel B760 / 2xDDR5 / 1xPCIe4.0 / 4xSATA / 1xM.2 Slot / Micro ATX / 1xD-Sub / 1xHDMI / 1xLAN 1Gb,Socket 1700,3Y,2090
INTEL 1700 (B660 - B760),MAINBOARD (1700) ASUS PRIME B760M-K DDR5,Socket 1700 / Intel B760 / 2xDDR5 / 1xPCIe4.0 / 4xSATA / 2xM.2 Slots / Micro ATX / 1xD-Sub / 1xHDMI / 1xLAN 2.5Gb,Socket 1700,3Y,2490
INTEL 1700 (B660 - B760),MAINBOARD (1700) ASROCK B760M-H2/M.2 DDR5,Socket 1700 / Intel B760 / 2xDDR5 / 1xPCIe4.0 / 4xSATA / 2xM.2 Slots / Micro ATX / 2xHDMI / 1xLAN 2.5Gb,Socket 1700,3Y,2670
INTEL 1700 (B660 - B760),MAINBOARD (1700) GIGABYTE B760M E DDR5 (REV. 1.0),Socket 1700 / Intel B760 / 2xDDR5 / 1xPCIe 4.0 / 4xSATA / 2xM.2 Slots / Micro ATX / 1xD-Sub / 1xHDMI / 1xDisplayPort / 1xLAN 1Gb,Socket 1700,3Y,2790
INTEL 1700 (B660 - B760),MAINBOARD (1700) MSI B760M GAMING WIFI DDR5,Socket 1700 / Intel B760 / 2xDDR5 / 1xPCIe4.0 / 4xSATA / 2xM.2 Slots / Micro ATX / 1xD-Sub / 1xHDMI / 1xDisplayPort / 1xLAN 2.5Gb / WiFi 6E,Socket 1700,3Y,3590
INTEL 1700 (B660 - B760),MAINBOARD (1700) ASUS B760M-AYW WIFI DDR5,Socket 1700 / Intel B760 / 2xDDR5 / 1xPCIe4.0 / 4xSATA / 2xM.2 Slots / Micro ATX / 1xHDMI / 1xLAN 2.5Gb / WiFi 6,Socket 1700,3Y,3890
INTEL 1700 (B660 - B760),MAINBOARD (1700) MSI PRO B760M-P DDR5,Socket 1700 / Intel B760 / 4xDDR5 / 1xPCIe4.0 / 4xSATA / 2xM.2 Slots / Micro ATX / 1xD-Sub / 1xHDMI / 1xDisplayPort / 1xLAN 1Gb,Socket 1700,3Y,2350
INTEL 1700 (B660 - B760),MAINBOARD (1700) ASROCK B760M PG LIGHTNING DDR5,Socket 1700 / Intel B760 / 4xDDR5 / 1xPCIe5.0 / 4xSATA / 3xM.2 Slots / Micro ATX / 1xHDMI / 1xDisplayPort / 1xLAN 2.5Gb,Socket 1700,3Y,2690
INTEL 1700 (B660 - B760),MAINBOARD (1700) GIGABYTE B760M D3HP DDR5 (REV. 1.0),Socket 1700 / Intel B760 / 4xDDR5 / 1xPCIe4.0 / 4xSATA / 2xM.2 Slots / Micro ATX / 1xD-Sub / 1xHDMI / 1xDisplayPort / 1xLAN 1Gb,Socket 1700,3Y,2770
INTEL 1700 (B660 - B760),MAINBOARD (1700) ASUS PRIME B760M-A DDR5,Socket 1700 / Intel B760 / 4xDDR5 / 1xPCIe4.0 / 4xSATA / 2xM.2 Slots / Micro ATX / 1xLAN 2.5Gb,Socket 1700,3Y,2900
INTEL 1700 (B660 - B760),MAINBOARD (1700) ASROCK B760M PG LIGHTNING WIFI DDR5,Socket 1700 / Intel B760 / 4xDDR5 / 1xPCIe5.0 / 4xSATA / 3xM.2 Slots / Micro ATX / 1xHDMI / 1xDisplayPort / 1xLAN 2.5Gb / WiFi 6E,Socket 1700,3Y,3390
INTEL 1700 (B660 - B760),MAINBOARD (1700) MSI PRO B760M-A WIFI DDR5,Socket 1700 / Intel B760 / 4xDDR5 / 1xPCIe4.0 / 4xSATA / 2xM.2 Slots / Micro ATX/ 1xLAN 2.5Gb / WiFi 6E,Socket 1700,3Y,3780
INTEL 1700 (B660 - B760),MAINBOARD (1700) ASROCK B760M PRO RS DDR5,Socket 1700 / Intel B760 / 4xDDR5 / 1xPCIe5.0 / 4xSATA / 3xM.2 Slots / Micro ATX / 1xLAN 2.5Gb,Socket 1700,3Y,3790
INTEL 1700 (B660 - B760),MAINBOARD (1700) GIGABYTE B760M D3HP WIFI6 DDR5 (rev. 1.0),Socket 1700 / Intel B760 / 4xDDR5 / 1xPCIe4.0 / 4xSATA / 2xM.2 Slots / Micro ATX / 1xD-Sub / 1xHDMI / 1xDisplayPort / 1xLAN 1Gb / WiFi 6,Socket 1700,3Y,3790
INTEL 1700 (B660 - B760),MAINBOARD (1700) ASUS PRIME B760M-A-WIFI-CSM DDR5,Socket 1700 / Intel B760 / 4xDDR5 / 1xPCIe4.0 / 4xSATA / 2xM.2 Slots / Micro ATX / 2xHDMI / 1xDisplayPort / 1xLAN 2.5Gb / WiFi 6,Socket 1700,3Y,3990
INTEL 1700 (B660 - B760),MAINBOARD (1700) ASUS PRIME B760M-A WIFI DDR5,Socket 1700 / Intel B760 / 4xDDR5 / 1xPCIe4.0 / 4xSATA / 2xM.2 Slots / Micro ATX / 1xLAN 2.5Gb / WiFi 6,Socket 1700,3Y,4050
INTEL 1700 (B660 - B760),MAINBOARD (1700) ASROCK B760M PRO RS WIFI DDR5,Socket 1700 / Intel B760 / 4xDDR5 / 1xPCIe5.0 / 4xSATA / 3xM.2 Slots / Micro ATX / 1xHDMI / 1xDisplayPort / 1xLAN 2.5Gb / WiFi 6E,Socket 1700,3Y,4150
INTEL 1700 (B660 - B760),MAINBOARD (1700) GIGABYTE B760M GAMING X DDR5 (REV. 1.0),Socket 1700 / Intel B760 / 4xDDR5 / 1xPCIe4.0 / 4xSATA / 2xM.2 Slots / Micro ATX / 1xLAN 2.5Gb,Socket 1700,3Y,4150
INTEL 1700 (B660 - B760),MAINBOARD (1700) GIGABYTE B760M GAMING X GEN5 DDR5 (rev. 1.0),Socket 1700 / Intel B760 / 4xDDR5 / 1xPCIe5.0 / 4xSATA / 2xM.2 Slots / Micro ATX / 1xHDMI / 1xDisplayPort / 1xLAN 2.5Gb,Socket 1700,3Y,4170
INTEL 1700 (B660 - B760),MAINBOARD (1700) ASROCK B760M STEEL LEGEND WIFI DDR5,Socket 1700 / Intel B760 / 4xDDR5 / 1xPCIe5.0 / 4xSATA / 3xM.2 Slots / Micro ATX / 1xHDMI / 1xDisplayPort / 1xLAN 2.5Gb / WiFi 6E,Socket 1700,3Y,4890
INTEL 1700 (B660 - B760),MAINBOARD (1700) ASUS TUF GAMING B760M-PLUS WIFI II (DDR5),Socket 1700 / Intel B760 / 4xDDR5 / 1xPCIe5.0 / 4xSATA / 3xM.2 Slots / Micro ATX / 1xHDMI / 1xDisplayPort / 1xLAN 2.5Gb / WiFi 6E,Socket 1700,3Y,4590
INTEL 1700 (B660 - B760),MAINBOARD (1700) MSI B760 GAMING PLUS WIFI DDR5,Socket 1700 / Intel B760 / 4xDDR5 / 1xPCIe4.0 / 4xSATA / 2xM.2 Slots / ATX / 1xLAN 2.5Gb / Wi-Fi 6E,Socket 1700,3Y,4050
INTEL 1700 (B660 - B760),MAINBOARD (1700) ASROCK B760M-ITX WIFI DDR4,Socket 1700 / Intel B760 / 2xDDR4 / 1xPCIe4.0 / 4xSATA / 1xM.2 Slot / Mini ITX / 1xLAN 1Gb / WiFi 6E,Socket 1700,3Y,4490
