category_microphones,name_microphones,specifications_microphones,warranty_microphones,price_microphones
GAMING MICROPHONE,MICROPHONE NUBWO X600 PLUS WHITE,USB-C / 20Hz - 20kHz,2Y,990
GAMING MICROPHONE,MICROPHONE NUBWO X700 ALMIGHTY,USB 2.0 / 20Hz - 48kHz,2Y,490
GAMING MICROPHONE,MICROPHONE ONIKUMA M930 RGB BLACK,USB 2.0 / 50Hz-20KHz,2Y,549
GAMING MICROPHONE,MICROPHONE FANTECH MCX03 LEVIOSA MAX BLACK,USB Type C / 20Hz-20kHz,2Y,790
GAMING MICROPHONE,MICROPHONE FANTECH MCX03 LEVIOSA MAX WHITE,USB Type C / 20Hz-20kHz,2Y,790
GAMING MICROPHONE,MICROPHONE WIRELESS NUBWO M38 (TYPEC),USB Type C / Wireless 2.4GHz / Microphone Frequency Response : 20Hz-20KHz,1Y,790
GAMING MICROPHONE,MICROPHONE ONIKUMA HOKO M630 PINK,USB / 20Hz-20kHz,2Y,850
GAMING MICROPHONE,MICROPHONE ONIKUMA HOKO M730 RGB BLACK,"USB TYPE-C / 100 Hz-10,000 Hz",2Y,950
GAMING MICROPHONE,MICROPHONE ONIKUMA HOKO M730 RGB WHITE,"USB TYPE-C / 100 Hz-10,000 Hz",2Y,950
GAMING MICROPHONE,MICROPHONE WIRELESS SIGNO MP708 MARROX BLACK,USB 2.0 Receiver / USB Type-C / 20Hz-20kHz,2Y,950
GAMING MICROPHONE,MICROPHONE FANTECH MCX01 LEVIOSA,USB / 20Hz-20kHz,2Y,1090
GAMING MICROPHONE,MICROPHONE EGA TYPEGMC1 PRO,USB Type C to Type A / 20Hz-20kHz,2Y,1290
GAMING MICROPHONE,MICROPHONE LOGITECH YETI ORB BLACK,USB-C / 70Hz-20KHz,2Y,1450
GAMING MICROPHONE,MICROPHONE LOGITECH YETI ORB WHITE,USB-C / 70Hz-20KHz,2Y,1450
GAMING MICROPHONE,MICROPHONE HYPERX SOLOCAST BLACK,USB / 20Hz-20kHz,2Y,1790
GAMING MICROPHONE,MICROPHONE HYPERX SOLOCAST 2 BLACK,USB Type-C / 20Hz-20kHz,2Y,1990
GAMING MICROPHONE,MICROPHONE RAZER SEIREN V3 CHROMA QUARTZ,USB Type A to Type C USB / 20Hz-20kHz,1Y,3600
GAMING MICROPHONE,MICROPHONE RAZER SEIREN V3 CHROMA WHITE,USB Type A to Type C USB / 20Hz-20kHz,1Y,3600
GAMING MICROPHONE,MICROPHONE LOGITECH YETI GX BLACK,USB-C / 60Hz-18.5KHz,2Y,3850
GAMING MICROPHONE,MICROPHONE ASUS ROG C501 CARNYX BLACK,USB-C / 20Hz-20kHz,2Y,4590
GAMING MICROPHONE,MICROPHONE HYPERX QUADCAST 2 BLACK,USB Type C /Aux 3.5mm /USB Type C To USB TypeA Adapter / 20Hz-20kHz,2Y,4790
GAMING MICROPHONE,MICROPHONE HYPERX FLIPCAST RGB,USB Type-C / 20Hz-20kHz,2Y,8290
GAMING MICROPHONE,MICROPHONE HYPERX PROCAST XLR,3-pin XLR male / 20Hz-20kHz,2Y,9990
Desktop Microphone,Microphone NUBWO (M33) Black,AUX 3.5 mm / Microphone Frequency Response : 50Hz-16KHz,1Y,90
Desktop Microphone,Microphone MAGICTECH (M306-USB) Black,Microphone / USB Type-A / Frequency Response : 100-16kHz,1Y,99
Desktop Microphone,Microphone MAGICTECH (M300-USB) Black,Microphone / USB Type-A / Frequency Response : 100-16kHz,1Y,150
Desktop Microphone,Microphone NUBWO (M180) Red,AUX 3.5 mm / Microphone Frequency Response : 50Hz-16KHz,1Y,150
Desktop Microphone,Microphone NUBWO (M66) Black/Red,AUX 3.5 mm / Microphone Frequency Response : 50Hz-16KHz,1Y,220
Desktop Microphone,Microphone NUBWO (M37) Black,AUX 3.5 mm / Microphone Sensitivity : - 48 ± 1dB,1Y,239
Desktop Microphone,Microphone NUBWO (M31) Black,USB / Microphone Frequency Response : 100Hz-10KHz,1Y,280
Desktop Microphone,Microphone EGA (TYPE-MC5) Black,USB / Microphone Frequency Response : 100Hz-80kHz,2Y,290
Desktop Microphone,Microphone SIGNO ANTICA (MP-702) Black,USB / Microphone Frequency Response : 100Hz-10kHz,2Y,485
Desktop Microphone,Microphone SIGNO MERZEE (MP-710) Black,USB / Microphone Frequency Response : 50Hz - 18KHz,2Y,550
Desktop Microphone,Microphone EGA (TYPE-MC4) Black,USB / Microphone Frequency Response : 20Hz-20kHz,2Y,590
Desktop Microphone,Microphone FIFINE (A6V) Black,Microphone / USB Type-C / XLR / Frequency Response : 60Hz-18kHz,1Y,1290
Desktop Microphone,Microphone FIFINE (A6VW) White,Microphone / USB Type-C / XLR / Frequency Response : 60Hz-18kHz,1Y,1290
Desktop Microphone,Microphone FIFINE (A8) Black,Microphone / USB Type-C / Frequency Response : 50Hz-20kHz,1Y,1790
Desktop Microphone,Microphone FIFINE (A8W) White,Microphone / USB Type-C / Frequency Response : 50Hz-20kHz,1Y,1790
Desktop Microphone,Microphone JBL Quantum Stream Talk,6.0 mm / Microphone Frequency Response : 50Hz - 12kHz,1Y,2240
Desktop Microphone,Microphone FIFINE (AM8) Black,Microphone / USB Type-C / XLR / Headphone Jack / Frequency Response : 50-16kHz,1Y,2390
Desktop Microphone,Microphone FIFINE (AM8W) White,Microphone / USB Type-C / XLR / Headphone Jack / Frequency Response : 50-16kHz,1Y,2390
Desktop Microphone,Microphone ELGATO (Wave Neo),Microphone / USB-C / Frequency Response : 20Hz-20kHz,2Y,2420
Desktop Microphone,Microphone FIFINE (AM6) Black,Microphone / USB Type-C / Headphone Jack / Frequency Response : 70-20kHz,1Y,2490
Desktop Microphone,Microphone FIFINE (AM6W) White,Microphone / USB Type-C / Headphone Jack / Frequency Response : 70-20kHz,1Y,2490
Desktop Microphone,Microphone JBL Quantum Stream,USB / Microphone Frequency Response : 20Hz - 20kHz,1Y,2995
Desktop Microphone,Microphone ELGATO (Wave 1),USB / 70Hz-20kHz,2Y,4590
Desktop Microphone,Microphone ELGATO (Wave 3),Microphone / USB-C / Frequency Response : 70Hz-20kHz,2Y,5790
Other Microphone,Microphone BOYA (BY-HM100) Black,Microphone / XLR / Frequency Response : 20Hz-20kHz,2Y,1990
Other Microphone,Microphone BMB (NKN-300) Silver,"XLRM หัวต่อ 3 ช่อง / Microphone Frequency :50Hz-16,000Hz",1Y,2090
Other Microphone,Wireless Microphone BMB (WH-210) Black,Wireless / Microphone Frequency : 50Hz-15KHz / ไมโครโฟนไร้สาย 2ตัว,1Y,3990
Other Microphone,Wireless Microphone JBL (MICAS1) Black,JBL WIRELESS MICROPHONE / Microphone Frequency Response : 65Hz-15kHz,1Y,4490
Other Microphone,Wireless Microphone JBL Partybox,Wireless / Microphone Frequency : 50Hz-15KHz / ไมโครโฟนไร้สาย 2ตัว,1Y,5590
Other Microphone,Microphone SERAMONIC (SR-LMX1+ Lavalier),Microphone แบบสายหนีบปกเสื้อ พกพา / AUX 3.5 mm,1Y,690
Wireless Microphone,Wireless Microphone BOYA BY-V1,Microphone ไร้สายแบบพกพา / Lightning Receiver / ระยะการส่งสัญญาณสูงสุด 100 เมตร,2Y,1115
Wireless Microphone,Wireless Microphone BOYA BY-V10,Microphone ไร้สายแบบพกพา / USB Type-C Receiver / ระยะการส่งสัญญาณสูงสุด 100 เมตร,2Y,1150
Wireless Microphone,Wireless Microphone BOYA BY-V2,Microphone ไร้สายแบบพกพา / Lightning Receiver / ระยะการส่งสัญญาณสูงสุด 100 เมตร,2Y,1500
Wireless Microphone,Wireless Microphone FIFINE M8,Microphone ไร้สายแบบพกพา / USB-C Male Receiver / ระยะการส่งสัญญาณสูงสุด 15-20เมตร,2Y,1690
Wireless Microphone,Wireless Microphone BOYA BOYALINK-V2,Microphone ไร้สายแบบพกพา / Connector USB-C / iOS Lightning / 3.5mm TRS / ระยะการส่งสัญญาณสูงสุด 300 เมตร,2Y,3700
Wireless Microphone,Wireless Microphone BOYA BY-V4U,Microphone ไร้สายแบบพกพา / USB Type-C Receiver / ระยะการส่งสัญญาณสูงสุด 200 เมตร,2Y,4080
Wireless Microphone,Wireless Microphone BOYA BOYALINK3-01,Microphone ไร้สายแบบพกพา / Connector USB-C / iOS Lightning / 3.5mm TRS / ระยะการส่งสัญญาณสูงสุด 300 เมตร,2Y,4490
Wireless Microphone,Wireless Microphone JBL Quantum Stream Wireless (USB-C) Black,USB-C / Wireless Microphone Frequency Response : 20Hz-20KHz,1Y,4490
Wireless Microphone,Wireless Microphone BOYA BOYAMIC2-01,"Microphone ไร้สายแบบพกพา / USB Type-C Receiver, 3.5mm / ระยะการส่งสัญญาณสูงสุด 300 เมตร",2Y,7490
