category_powersupplies,name_powersupplies,specifications_powersupplies,warranty_powersupplies,price_powersupplies
SFX FOR MINI-ITX,POWER SUPPLY (80+ SILVER) 400W ITSONAS DARK FOREST 1U FLEX (DF-FX400) SFX,400W / 80 PLUS SILVER / Full Modular / Length 160mm / 1xCPU / 1xPCIe (6+2 Pin),3Y,2450
SFX FOR MINI-ITX,POWER SUPPLY 450W DTECH PW053 SFX,450W / Length 100mm / Non Modular,5Y,520
SFX FOR MINI-ITX,POWER SUPPLY 500W OKER SFX,500W / Length 100mm / Non Modular,1Y,370
SFX FOR MINI-ITX,POWER SUPPLY (80+ SILVER) 500W ITSONAS DARK FOREST 1U FLEX (DF-FX500) SFX,500W / 80 PLUS SILVER / Full Modular / Length 160mm / 1xCPU / 1xPCIe (6+2 Pin),3Y,2630
SFX FOR MINI-ITX,POWER SUPPLY (80+ BRONZE) 550W ITSONAS DARK FOREST SFX,550W / 80 PLUS BRONZE / Full Modular / Length 130mm / 2xCPU / 2xPCIe (6+2 Pin),5Y,2250
SFX FOR MINI-ITX,POWER SUPPLY (80+ BRONZE) 550W ITSONAS DARK FOREST WHITE SFX,550W / 80 PLUS BRONZE / Full Modular / Length 130mm / 2xCPU / 2xPCIe (6+2 Pin),5Y,2250
SFX FOR MINI-ITX,POWER SUPPLY (80+ SILVER) 600W ITSONAS DARK FOREST 1U FLEX (DF-FX600) SFX,600W / 80 PLUS SILVER / Full Modular / Length 160mm / 1xCPU / 1xPCIe (6+2 Pin),3Y,2950
SFX FOR MINI-ITX,POWER SUPPLY (80+ BRONZE) 650W ITSONAS DARK FOREST WHITE SFX,650W / 80 PLUS BRONZE / Full Modular / Length 130mm / 2xCPU / 2xPCIe (6+2 Pin),5Y,2860
SFX FOR MINI-ITX,POWER SUPPLY (80+ BRONZE) 650W ITSONAS DARK FOREST SFX,650W / 80 PLUS BRONZE / Full Modular / Length 130mm / 2xCPU / 2xPCIe (6+2 Pin),5Y,2890
SFX FOR MINI-ITX,POWER SUPPLY (80+ BRONZE) 750W ITSONAS DARK FOREST SFX,750W / 80 PLUS BRONZE / Full Modular / Length 130mm / 2xCPU / 2xPCIe (6+2 Pin),5Y,3250
SFX FOR MINI-ITX,POWER SUPPLY (80+ BRONZE) 750W ITSONAS DARK FOREST WHITE SFX,750W / 80 PLUS BRONZE / Full Modular / Length 130mm / 2xCPU / 2xPCIe (6+2 Pin),5Y,3250
400W.-600W.,POWER SUPPLY 450W DTECH PW029 (B/P),450W / Length 140mm / Non Modular,1Y,375
400W.-600W.,POWER SUPPLY 450W DTECH PW030,450W / Length 140mm / Non Modular,1Y,375
400W.-600W.,POWER SUPPLY (FULL) 450W DTECH PW006,450W / FULL WATT / Length 140mm / Non Modular,3Y,610
400W.-600W.,POWER SUPPLY (FULL) 500W DTECH PW007,500W / FULL WATT / Length 140mm / Non Modular,3Y,620
400W.-600W.,POWER SUPPLY (80+ BRONZE) 500W ITSONAS AURORA ARGB,500W / 80 PLUS BRONZE / Full Modular / Length 160mm / 1xCPU / 2xPCIe (6+2 Pin),3Y,1330
400W.-600W.,POWER SUPPLY 550W OKER EB-550W,550W / Length 154mm /,1Y,420
400W.-600W.,POWER SUPPLY 550W DTECH PW032,550W / Length 140mm / Non Modular,1Y,450
400W.-600W.,POWER SUPPLY 550W NUBWO NPS-030,550 WATT / Length 140mm / Non Modular,1Y,450
400W.-600W.,POWER SUPPLY (FULL) 550W TSUNAMI EXTREMEX EX550,550W / Non Modular / Length 150mm / 2xCPU(4+4 Pin) / 0xPCIe (12 Pin) / 2xPCIe (6+2 Pin),1Y,795
400W.-600W.,POWER SUPPLY (FULL) 550W ANTEC ATOM V550,550W / FULL WATT / Non Modular,2Y,950
400W.-600W.,POWER SUPPLY (80+ WHITE) 550W MONTECH AP550,550W / 80 PLUS WHITE / Length 150mm / Non Modular,3Y,1180
400W.-600W.,POWER SUPPLY (80+ WHITE) 550W SILVERSTONE (SST-ST550-EF),550W / 80 PLUS WHITE / Non Modular / Length 140mm / 1xCPU(4+4 Pin) / 0xPCIe (16 Pin) / 2xPCIe (6+2 Pin),3Y,1350
400W.-600W.,POWER SUPPLY (80+ WHITE) 550W THERMALTAKE TR2 S (PS-TRS-0550NNSAWE-H),550W / 80+WHITE / Non Modular / Length 150mm / 2xCPU(4+4 Pin) / 0xPCIe (16 Pin) / 2xPCIe (6+2 Pin),3Y,1290
400W.-600W.,POWER SUPPLY (80+ WHITE) 550W THERMALTAKE TR2 S,550W / 80 PLUS WHITE / Length 140mm / Non Modular,3Y,1090
400W.-600W.,POWER SUPPLY (80+ BRONZE) 550W ITSONAS FROZEN,550W / 80 PLUS BRONZE / Non Modular / Length 150mm / 2xCPU / 2xPCIe (6+2 Pin),5Y,1320
400W.-600W.,POWER SUPPLY (80+ SILVER) 550W GIGABYTE P-550SS (GP-550SS),550W / 80+Silver / None Modular / Length 150mm / 1xCPU(4+4 Pin) / 0xPCIe (16 Pin) / 1xPCIe (6+2 Pin),3Y,1350
400W.-600W.,POWER SUPPLY (80+ SILVER) 550W GIGABYTE P-550SS ICE (GP-550SS),550W / 80+Silver / None Modular / Length 150mm / 1xCPU(4+4 Pin) / 0xPCIe (16 Pin) / 1xPCIe (6+2 Pin),3Y,1450
400W.-600W.,POWER SUPPLY (SATA) 580W TSUNAMI EXTREME+PRO,580W / Length 150mm / 1xCPU,1Y,460
400W.-600W.,POWER SUPPLY 600W TSUNAMI EX600,600W / Non Modular / Length 150mm / 1xCPU / 1xPCIe (6+2 Pin),1Y,570
400W.-600W.,POWER SUPPLY 600W TSUNAMI EX600 DEEP SPACE,600W / Length 150mm / Non Modular,1Y,890
400W.-600W.,POWER SUPPLY (FULL) 600W VIKINGS VOYAGE VK600W,600W / Non Modular / Length 150mm / 2xCPU / 1xPCIe (6+2 Pin),3Y,690
400W.-600W.,POWER SUPPLY (FULL) 600W DTECH PW008,600W / FULL WATT / Length 140mm / Non Modular,3Y,760
400W.-600W.,POWER SUPPLY (FULL) 600W AEROCOOL SUPERB,600W / FULL WATT / Length 140mm / Non Modular,3Y,790
400W.-600W.,POWER SUPPLY (80+ WHITE) 600W AEROCOOL UNITED,600W / 80 PLUS WHITE / Length 140mm / Non Modular,3Y,1130
400W.-600W.,POWER SUPPLY (80+ WHITE) 600W MONTECH AP600,600W / 80+White / NO Modular / Length 150mm / 1xCPU / 2xPCIe (6+2 Pin),3Y,1160
400W.-600W.,POWER SUPPLY (80+ WHITE) 600W COOLER MASTER ELITE NEX MWE 230V (MPW-6001-ACBW),600W / 80+White / Non Modular / Length 140mm / 1xCPU / 2xPCIe (6+2 Pin),3Y,1190
400W.-600W.,POWER SUPPLY (80+ WHITE) 600W MSI MAG A600DN,600W / 80 PLUS WHITE / None Modular / Length 140mm / 1xCPU(4+4 Pin) / 0xPCIe (16 Pin) / 2xPCIe (6+2 Pin),3Y,1390
400W.-600W.,POWER SUPPLY (80+ BRONZE) 600W ITSONAS AURORA ARGB,600W / 80 PLUS BRONZE / Full Modular,3Y,1950
620W.-750W.,POWER SUPPLY 620W TSUNAMI EXTREME+PRO,620W / Length 150mm / 1xCPU,1Y,420
620W.-750W.,POWER SUPPLY 620W ITSONAS KINGKONG,620W / Length 140mm / Non Modular,1Y,690
620W.-750W.,POWER SUPPLY 650W OKER EB-650,650W / Length 140mm /Non Modular,1Y,490
620W.-750W.,POWER SUPPLY 650W DTECH PW036,650W / Length 140mm / Non Modular,1Y,510
620W.-750W.,POWER SUPPLY 750W OKER EB-750,750W / Length 140mm / Non Modular,1Y,560
620W.-750W.,POWER SUPPLY (FULL) 650W NUBWO NPS-650 BLACK,650W / Non Modular / Length 140mm / 2xCPU / 1xPCIe (6+2 Pin),3Y,640
620W.-750W.,POWER SUPPLY (FULL) 650W NUBWO NPS-650 WHITE,650W / Non Modular / Length 140mm / 2xCPU / 1xPCIe (6+2 Pin),3Y,670
620W.-750W.,POWER SUPPLY (FULL) 650W VIKINGS VK,650W / Non Modular / Length 150mm / 2xCPU / 2xPCIe (6+2 Pin),3Y,990
620W.-750W.,POWER SUPPLY (FULL) 650W ANTEC ATOM V650,650W / Full / Length 140mm / 1xCPU / 2xPCIe (6+2 Pin),2Y,1190
620W.-750W.,POWER SUPPLY (80+ WHITE) 650W MONTECH AP650,650W / 80 PLUS WHITE / Length 150mm / Non Modular,3Y,1290
620W.-750W.,POWER SUPPLY (80+ WHITE) 650W SILVERSTONE STRIDER 650W (SST-ST650-EFA),650W / 80+WHITE / None Modular / Length 140mm / 1xCPU(4+4 Pin) / 0xPCIe (16 Pin) / 2xPCIe (6+2 Pin),3Y,1490
620W.-750W.,POWER SUPPLY (80+ WHITE) 650W THERMALTAKE TR2 S (PS-TRS-0650NNSAWE-H),650W / 80+WHITE / Non Modular / Length 150mm / 2xCPU(4+4 Pin) / 0xPCIe (16 Pin) / 2xPCIe (6+2 Pin),3Y,1490
620W.-750W.,POWER SUPPLY (80+ WHITE) 650W THERMALTAKE TR2 S,650W / 80 PLUS WHITE / Length 140mm / Non Modular,3Y,1440
620W.-750W.,POWER SUPPLY (80+ BRONZE) 650W DTECH PW023A,650W / 80 PLUS BRONZE / Full Modular,3Y,1090
620W.-750W.,POWER SUPPLY (80+ BRONZE) 650W EINAREX AXIS MASTER L1 WHITE (EXPS-AMH1-650-WH),650W / 80+ Bronze / Non Modular / Length 150mm / 2xCPU(4+4 Pin) / 0xPCIe (16 Pin) / 2xPCIe (6+2 Pin),3Y,1290
620W.-750W.,POWER SUPPLY (80+ BRONZE) 650W ITSONAS FROZEN,650W / 80 PLUS BRONZE / Non Modular / Length 150 / 2xCPU / 2xPCIe (6+2 Pin),5Y,1490
620W.-750W.,POWER SUPPLY (80+ BRONZE) 650W MSI MAG A650BN,650W / 80 PLUS BRONZE / Non Modular,5Y,1550
620W.-750W.,POWER SUPPLY (80+ BRONZE) 650W MSI MAG A650BNL WHITE,650W / 80 PLUS BRONZE / None Modular / Length 150mm / 1xCPU(4+4 Pin) / 0xPCIe (16 Pin) / 2xPCIe (6+2 Pin),5Y,1550
620W.-750W.,POWER SUPPLY (80+ BRONZE) 650W SEGOTEP BN650W ID PCIE 5.1,650W / 80+BRONZE / Non Modular / Length 150mm / 2xCPU / 1xPCIe (16 Pin) / 3xPCIe (6+2 Pin),3Y,1550
620W.-750W.,POWER SUPPLY (80+ BRONZE) 650W ANTEC ATOM B650,650W / 80 PLUS BRONZE / Non Modular,3Y,1590
620W.-750W.,POWER SUPPLY (80+ BRONZE) 650W THERMALTAKE SMART BX1,650W / 80 PLUS BRONZE / Non Modular,5Y,1690
620W.-750W.,POWER SUPPLY (80+ BRONZE) 650W ASUS PRIME,650W / 80+BRONZE / Non Modular / Length 150mm / 1xCPU(4+4 Pin) / 0xPCIe (12 Pin) / 2xPCIe (6+2 Pin),6Y,2090
620W.-750W.,POWER SUPPLY (80+ BRONZE) 650W SILVERSTONE ATTIS 650R (SST-AT650R-BF-WBW),650W / 80+BRONZE / Non Modular / Length 150mm / 2xCPU(4+4 Pin) / 0xPCIe (12 Pin) / 4xPCIe (6+2 Pin),5Y,2150
620W.-750W.,POWER SUPPLY (80+ BRONZE) 650W ASUS TUF GAMING,650W / 80 PLUS BRONZE / Non Modular,6Y,2390
620W.-750W.,POWER SUPPLY (80+ SILVER) 650W GIGABYTE P650SS (GP-650SS),650W / 80+Silver / Non Modular / Length 150mm / 2xCPU(4+4 Pin) / 0xPCIe (12 Pin) / 2xPCIe (6+2 Pin),3Y,1620
620W.-750W.,POWER SUPPLY (80+ SILVER) 650W GIGABYTE P-650SS ICE (GP-650SS ICE),650W / 80+Silver / Non Modular / Length 150mm / 2xCPU(4+4 Pin) / 0xPCIe (12 Pin) / 2xPCIe (6+2 Pin),3Y,1620
620W.-750W.,POWER SUPPLY (80+ GOLD) 650W GIGABYTE PG5 (PCIE 5.1),650W / 80+GOLD / Non Modular / Length 150mm / 2xCPU(4+4 Pin) / 1xPCIe (16 Pin) / 2xPCIe (6+2 Pin),3Y,1990
620W.-750W.,POWER SUPPLY (CYBENETICS PLATINUM) 650W CORSAIR RM650E (CP-9020302-NA),650W / CYBENETICS PLATINUM / Full Modular / Length 150mm / 2xCPU(4+4 Pin) / 0xPCIe (16 Pin) / 3xPCIe (6+2 Pin),7Y,3400
620W.-750W.,POWER SUPPLY (FULL) 700W AEROCOOL SUPERB,700 WATT / FULL WATT / Non Modular,3Y,1290
620W.-750W.,POWER SUPPLY (80+ WHITE) 700W COOLER MASTER ELITE NEX MWE 230V (MPW-7001-ACBW),700W / 80+White / NO Modular / Length 140mm / 1xCPU / 1xPCIe (6+2 Pin),3Y,1390
620W.-750W.,POWER SUPPLY (80+ WHITE) 700W SILVERSTONE (ST70F-ES230),700W / 80 PLUS WHITE / Length 140mm / Non Modular,3Y,1690
620W.-750W.,POWER SUPPLY (80+ BRONZE) 700W ITSONAS AURORA ARGB,700W / 80 PLUS BRONZE / Full Modular,3Y,2090
620W.-750W.,POWER SUPPLY (FULL) 750W ANTEC ATOM V750,750W / Full / Length 140mm / 1xCPU / 2xPCIe (6+2 Pin),2Y,1290
620W.-750W.,POWER SUPPLY (80+ WHITE) 750W MONTECH AP750,750W / 80 PLUS WHITE / Length 150mm / Non Modular,3Y,1570
620W.-750W.,POWER SUPPLY (80+ WHITE) 750W SILVERSTONE (SST-ST750-EF),750W / 80 PLUS WHITE / Non Modular / Length 140mm / 2xCPU(4+4 Pin) / 0xPCIe (16 Pin) / 4xPCIe (6+2 Pin),3Y,1650
620W.-750W.,POWER SUPPLY (80+ WHITE) 750W THERMALTAKE TR2 S (PS-TRS-0750NNSAWE-H),750W / 80+WHITE / Non Modular / Length 150mm / 2xCPU(4+4 Pin) / 0xPCIe (16 Pin) / 2xPCIe (6+2 Pin),3Y,1690
620W.-750W.,POWER SUPPLY (80+ BRONZE) 750W DTECH PW071A,750W / 80 PLUS BRONZE / Full Modular,3Y,1490
620W.-750W.,POWER SUPPLY (80+ BRONZE) 750W EINARE AXIS MASTER L1 Black (EXPS-AMH1-750-BK),750W / 80+Bronze / Semi-Modular / Length 150mm / 2xCPU(4+4 Pin) / 0x12VHPWR (16 Pin) / 3xPCIe (6+2 Pin),3Y,1490
620W.-750W.,POWER SUPPLY (80+ BRONZE) 750W AEROCOOL LUX,750W / 80 PLUS BRONZE / Non Modular / Length 160mm / 1xCPU / 2xPCIe (6+2 Pin),3Y,1550
620W.-750W.,POWER SUPPLY (80+ BRONZE) 750W AEROCOOL LUX RGB,750W / 80+BRONZE / Non Modular / Length 160mm / 1xCPU / 2xPCIe (6+2 Pin),3Y,1690
620W.-750W.,POWER SUPPLY (80+ BRONZE) 750W ITSONAS FROZEN,750W / 80 PLUS BRONZE / Non Modular / Length 150 / 2xCPU / 2xPCIe (6+2 Pin),5Y,1750
620W.-750W.,POWER SUPPLY (80+ BRONZE) 750W ANTEC ATOM B750,750W / 80 PLUS BRONZE / Non Modular / Length N/A / 2xCPU / 4xPCIe (6+2 Pin),3Y,1750
620W.-750W.,POWER SUPPLY (80+ BRONZE) 750W SEGOTEP BN750W ID PCIE 5.1 ATX3.1,750W / 80+BRONZE / Non Modular / Length 150mm / 2xCPU / 1xPCIe (16 Pin) / 3xPCIe (6+2 Pin),3Y,1750
620W.-750W.,POWER SUPPLY (80+ BRONZE) 750W COOLER MASTER MWE V2 230V (MPE-7501-ACABW-BTH),750W / 80+BRONZE / Non Modular / Length 140mm / 2xCPU / 0xPCIe (12 Pin) / 4xPCIe (6+2 Pin),5Y,1790
620W.-750W.,POWER SUPPLY (80+ BRONZE) 750W GIGABYTE P750BS,750W / 80+Bronze / Non Modular / Length 140mm / 2xCPU(4+4 Pin) / 0xPCIe (16 Pin) / 4xPCIe (6+2 Pin),3Y,1850
620W.-750W.,POWER SUPPLY (80+ BRONZE) 750W MSI MAG A750BN PCIE5,750W / 80 PLUS BRONZE / Non Modular,5Y,1990
620W.-750W.,POWER SUPPLY (80+ BRONZE) 750W CORSAIR CX750 (CP-9020279-NA),750W / 80 PLUS BRONZE / Non Modular,5Y,1990
620W.-750W.,POWER SUPPLY (80+ BRONZE) 750W THERMALTAKE SMART BX1,750W / 80 PLUS BRONZE / Non Modular,5Y,1990
620W.-750W.,POWER SUPPLY (80+BRONZE) 750W ASUS PRIME (90YE00Y0-B0DA00),750W / 80+BRONZE / Non Modular / Length 150mm / 2xCPU / 0xPCIe (16 Pin) / 3xPCIe (6+2 Pin),6Y,2190
620W.-750W.,POWER SUPPLY (80+ BRONZE) 750W ASUS TUF GAMING 750B,750W / 80 PLUS BRONZE / Non Modular,6Y,2350
620W.-750W.,POWER SUPPLY (80+ GOLD) 750W COOLER MASTER MWE V3 NM FR (MPE-7506-ACAG-BTH),750W / 80+Gold / Non Modular / Length 140mm / 2xCPU(4+4 Pin) / 0xPCIe (16 Pin) / 4xPCIe (6+2 Pin),5Y,2390
620W.-750W.,POWER SUPPLY (80+ GOLD) 750W SEGOTEP GM750W WHITE,750W / 80+ Gold / Full Modular / Length 150mm / 2xCPU(4+4 Pin) / 1xPCIe (16 Pin) / 2xPCIe (6+2 Pin),5Y,2990
620W.-750W.,POWER SUPPLY (80+ GOLD) 750W ANTEC GSK V2,750W / 80 PLUS GOLD / Full Modular / Length 150mm / 2xCPU(4+4 Pin) / 1x12VHPWR (16 Pin) / 4xPCIe (6+2 Pin),10Y,2990
620W.-750W.,POWER SUPPLY (CYBENETICS GOLD) 750W EINAREX NEXUS MASTER L1 BLACK (EXPS-NL1-750-BK),750W / Cybenetics Gold / Full Modular / Length 150mm / 2xCPU(4+4 Pin) / 1x12VHPWR (16 Pin) / 4xPCIe (6+2 Pin),10Y,3090
620W.-750W.,POWER SUPPLY (80+ GOLD) 750W ASUS TUF GAMING 750G,750W / 80+GOLD / Full Modular / Length 150mm / 2xCPU(4+4 Pin) / 1xPCIe (16 Pin) / 3xPCIe (8 Pin),10Y,4390
620W.-750W.,POWER SUPPLY (CYBENETICS PLATINUM) 750W CORSAIR RM750E (CP-9020295-NA),750W / Cybenetics Platinum / Full Modular / Length 150mm / 2xCPU(4+4 Pin) / 0x12VHPWR (16 Pin) / 3xPCIe (6+2 Pin),7Y,3990
620W.-750W.,POWER SUPPLY (80+ PLATINUM) 750W ASUS ROG-LOKI-750P,750W / 80+Platinum / Full Modular / Length 125mm / 2xCPU / 1xPCIe (16 Pin) / 3xPCIe (8 Pin),N/A,4950
800W.-1050W.,POWER SUPPLY (80+ BRONZE) 850W ITSONAS FROZEN,850W / 80 PLUS BRONZE / Non Modular / Length 150 / 2xCPU / 2xPCIe (6+2 Pin),5Y,1950
800W.-1050W.,POWER SUPPLY (80+ BRONZE) 850W THERMALTAKE SMART BX3 (ATX 3.1),850W / 80+BRONZE / Non Modular / Length 150mm / 2xCPU(4+4 Pin) / 1xPCIe (16 Pin) / 3xPCIe (6+2 Pin),5Y,2890
800W.-1050W.,POWER SUPPLY (80+ GOLD) 850W DTECH PW072A,850W / 80 PLUS GOLD / Full Modular,5Y,2350
800W.-1050W.,POWER SUPPLY (80+ GOLD) 850W COOLER MASTER MWE V3 (MPE-8506-ACAG-BTH),850W / 80 PLUS GOLD / Non Modular / Length 150mm / 2xCPU / 1xPCIe (12 Pin) / 4xPCIe (6+2 Pin),5Y,2790
800W.-1050W.,POWER SUPPLY (CYBENETICS GOLD) 850W SILVERSTONE TRITON 850RX (SST-TR850R-GF),850W / Cybenetics Gold / None Modular / Length 140mm / 2xCPU(4+4/8 Pin) / 1xPCIe (16 Pin) / 5xPCIe (6+2 Pin),5Y,2990
800W.-1050W.,POWER SUPPLY (80+ GOLD) 850W MSI MAG A850GN PCIE5,850W / 80+GOLD / Non Modular / Length 150mm / 2xCPU(4+4 Pin) / 1x12VHPWR (16 Pin) / 2xPCIe (6+2 Pin),3Y,3190
800W.-1050W.,POWER SUPPLY (80+ GOLD) 850W MSI MAG A850GL PCIE5,850W / 80 PLUS GOLD / Full Modular,7Y,3250
800W.-1050W.,POWER SUPPLY (80+ GOLD) 850W SEGOTEP GM850W,850W / 80+GOLD / Full Modular / Length 150mm / 2xCPU(4+4 Pin) / 1xPCIe (16 Pin) / 3xPCIe (6+2 Pin),5Y,3250
800W.-1050W.,POWER SUPPLY (80+ GOLD) 850W SILVERSTONE DA850W (SST-DA850R-GMA),850W / 80+GOLD / Full Modular / Length 150mm / 2xCPU(4+4 Pin) / 1xPCIe (12 Pin) / 4xPCIe (6+2 Pin),7Y,3290
800W.-1050W.,POWER SUPPLY (80+ GOLD) 850W SEGOTEP GM850W WHITE,850W / 80+GOLD / FULL Modular / Length 150mm / 2xCPU(4+4 Pin) / 1x12VHPWR (16 Pin) / 3xPCIe (6+2 Pin),5Y,3390
800W.-1050W.,POWER SUPPLY (80+ GOLD) 850W THERMALTAKE TOUGHPOWER GT,850W / 80+Gold / Full Modular / Length 140mm / 2xCPU(4+4 Pin) / 1xPCIe (16 Pin) / 4xPCIe (6+2 Pin),5Y,3490
800W.-1050W.,POWER SUPPLY (80+ GOLD) 850W ANTEC GSK V2,850W / 80+GOLD / Full Modular / Length 150mm / 2xCPU / 1xPCIe (16 Pin) / 4xPCIe (6+2 Pin),10Y,3490
800W.-1050W.,POWER SUPPLY (80+ GOLD) 850W ANTEC GSK V2 WHITE,850W / 80+GOLD / Full Modular / Length 150mm / 2xCPU / 1xPCIe (16 Pin) / 4xPCIe (6+2 Pin),10Y,3490
800W.-1050W.,POWER SUPPLY (80+ GOLD) 850W CORSAIR SERIES RM850E (CP-9020296-NA),850W / Cybenetics Gold / Full Modular / Length 150mm / 2xCPU(4+4 Pin) / 1xPCIe (16 Pin) / 3xPCIe (6+2 Pin),7Y,3590
800W.-1050W.,POWER SUPPLY (80+ GOLD) 850W CORSAIR SERIES RM850E WHITE (CP-9020293-NA),850W / Cybenetics Gold / Full Modular / Length 150mm / 2xCPU(4+4 Pin) / 1xPCIe (16 Pin) / 3xPCIe (6+2 Pin),7Y,3690
800W.-1050W.,POWER SUPPLY (80+ GOLD) 850W GIGABYTE UD850GM PG5 ICE,850W / 80+GOLD / Full Modular / Length 150mm / 2xCPU / 1xPCIe (16 Pin) / 4xPCIe (6+2 Pin),5Y,3550
800W.-1050W.,POWER SUPPLY (80+ GOLD) 850W THERMALTAKE TOUGHPOWER GT SNOW,850W / 80+GOLD / FULL Modular / Length 150mm / 2xCPU(4+4 Pin) / 1x12VHPWR (16 Pin) / 5xPCIe (6+2 Pin),5Y,3350
800W.-1050W.,POWER SUPPLY (80+GOLD) 850W ASUS PRIME 850G,850W / 80+Gold / Full Modular / Length 150mm / 2xCPU(4+4 Pin) / 1xPCIe (16 Pin) / 3xPCIe (6+2 Pin),10Y,3750
800W.-1050W.,POWER SUPPLY (80+ GOLD) 850W NZXT BLACK (PA-8G2BB-US),850W / 80+GOLD / FULL Modular / Length 160mm / 2xCPU(4+4 Pin) / 1xPCIe (16 Pin) / 3xPCIe (6+2 Pin),10Y,4290
800W.-1050W.,POWER SUPPLY (80+ GOLD) 850W NZXT WHITE (PA-8G2BW-US),850W / 80+GOLD / FULL Modular / Length 160mm / 2xCPU(4+4 Pin) / 1xPCIe (16 Pin) / 3xPCIe (6+2 Pin),10Y,4490
800W.-1050W.,POWER SUPPLY (80+ GOLD) 850W ASUS TUF GAMING 850G,850W / 80+GOLD / Full Modular / Length 150mm / 2xCPU / 1xPCIe (16 Pin) / 3xPCIe (8 Pin),10Y,5590
800W.-1050W.,POWER SUPPLY (80+ GOLD) 850W ASUS ROG STRIX AURA GAMIN G850G,850W / 80+GOLD / Full Modular / Length 180mm / 2xCPU / 1xPCIe (16 Pin) / 2xPCIe (8 Pin) / ATX Version 3.0,5Y,7650
800W.-1050W.,POWER SUPPLY (CYBENETICS PLATINUM) 850W MONTECH CENTURY II,850W / 80+GOLD / FULL Modular / Length 150mm / 2xCPU(4+4 Pin) / 1xPCIe (16 Pin) / 4xPCIe (6+2 Pin),10Y,2750
800W.-1050W.,POWER SUPPLY (80+ PLATINUM) 850W SEGOTEP PM 850W,850W / 80+ PLATINUM / Full Modular / Length 150mm / 2xCPU(4+4 Pin) / 1xPCIe (16 Pin) / 3xPCIe (6+2 Pin),5Y,4990
800W.-1050W.,POWER SUPPLY (80+ PLATINUM) 850W GIGABYTE AORUS P850W (GP-AE850 PM PG5),850W / 80+Platinum / Full Modular / Length 150mm / 2xCPU(4+4 Pin) / 1xPCIe (16 Pin) / 6xPCIe (6+2 Pin),10Y,5290
800W.-1050W.,POWER SUPPLY (80+ PLATINUM) 850W GIGABYTE AORUS P850W (GP-AE850 PM PG5 ICE),850W / 80+Platinum / Full Modular / Length 150mm / 2xCPU(4+4 Pin) / 1xPCIe (16 Pin) / 6xPCIe (6+2 Pin),10Y,5290
800W.-1050W.,POWER SUPPLY (CYBENETICS GOLD) 1000W EINAREX NEXUS MASTER L1 BLACK (EXPS-NL1-1000-BK),1000W / Cybenetics Gold / Full Modular / Length 150mm / 2xCPU(4+4 Pin) / 1x12VHPWR (16 Pin) / 4xPCIe (6+2 Pin),10Y,3550
800W.-1050W.,POWER SUPPLY (80+ GOLD) 1000W COOLER MASTER ELITE GOLD 1000 (MPW-A001-AFAG-BEU),1000W / 80 PLUS GOLD / Full Modular / Length 140mm / 2xCPU / 1xPCIe (16 Pin) / 6xPCIe (6+2 Pin),5Y,3590
800W.-1050W.,POWER SUPPLY (80+ GOLD) 1000W NZXT CORE (PA-0G3BB-US),1000W / 80+Gold / FULL Modular / Length 150mm / 2xCPU(4+4/8 Pin) / 1xPCIe (16 Pin) / 3xPCIe (6+2 Pin),7Y,4490
800W.-1050W.,POWER SUPPLY (80+ GOLD) 1000W SEGOTEP GM1000W,1000W / 80+GOLD / Full Modular / Length 160mm / 2xCPU(4+4 Pin) / 1xPCIe (16 Pin) / 6xPCIe (6+2 Pin),5Y,4890
800W.-1050W.,POWER SUPPLY (80+GOLD) 1000W THERMALTAKE TOUGHPOWER GT (PS-TPT-1000FNFAGE-3),1000W / 80+Gold / Full Modular / Length 140mm / 2xCPU(4+4 Pin) / 1xPCIe (16 Pin) / 5xPCIe (6+2 Pin),5Y,4990
800W.-1050W.,POWER SUPPLY (80+GOLD) 1000W THERMALTAKE TOUGHPOWER GT SNOW (PS-TPT-1000FNFAGE-W),1000W / 80+Gold / Full Modular / Length 140mm / 2xCPU(4+4 Pin) / 1xPCIe (16 Pin) / 5xPCIe (6+2 Pin),5Y,5190
800W.-1050W.,POWER SUPPLY (80+ GOLD) 1000W SEGOTEP GM1000W WHITE,1000W / 80+GOLD / Full Modular / Length 160mm / 2xCPU(4+4 Pin) / 1xPCIe (16 Pin) / 6xPCIe (6+2 Pin),5Y,5190
800W.-1050W.,POWER SUPPLY (80+ GOLD) 1000W MSI MAG A1000GL PCIE5,1000W / 80+GOLD / Full Modular / Length 150mm / 2xCPU / 1xPCIe (16 Pin) / 4xPCIe (6+2 Pin),5Y,5790
800W.-1050W.,POWER SUPPLY (80+ GOLD) 1000W NZXT BLACK (PA-0G2BB-US),1000W / 80+Gold / FULL Modular / Length 160mm / 2xCPU(4+4 Pin) / 1xPCIe (16 Pin) / 3xPCIe (6+2 Pin),10Y,6350
800W.-1050W.,POWER SUPPLY (80+ GOLD) 1000w. ASUS TUF GAMING 1000G WHITE,1000W / 80+GOLD / FULL Modular / Length 150mm / 2xCPU(4+4 Pin) / 1xPCIe (16 Pin) / 4xPCIe (6+2 Pin),10Y,6500
800W.-1050W.,POWER SUPPLY (80+ GOLD) 1000W ASUS ROG STRIX AURA GAMING 1000G,1000W / 80+GOLD / Full Modular / Length 180mm / 2xCPU / 1xPCIe (16 Pin) / 2xPCIe (6+2 Pin),10Y,8900
800W.-1050W.,POWER SUPPLY (CYBENETICS PLATINUM) 1000W CORSAIR RM1000E (CP-9020297-NA),1000W / Cybenetics Platinum / FULL Modular / Length 150mm / 2xCPU(4+4 Pin) / 1x12VHPWR (16 Pin) / 3xPCIe (6+2 Pin),7Y,4990
800W.-1050W.,POWER SUPPLY (CYBENETICS PLATINUM) 1000W CORSAIR RM1000E WHITE (CP-9020294-NA),1000W / Cybenetics Platinum / Full Modular / Length 150mm / 2xCPU(4+4 Pin) / 1x12VHPWR (16 Pin) / 3xPCIe (6+2 Pin),7Y,5290
800W.-1050W.,POWER SUPPLY (80+ PLATINUM) 1000W GIGABYTE AORUS P1000W (GP-AE1000PM PG5),1000W / 80+Platinum / Full Modular / Length 150mm / 2xCPU(4+4 Pin) / 1xPCIe (16 Pin) / 6xPCIe (6+2 Pin),10Y,6690
800W.-1050W.,POWER SUPPLY (80+ PLATINUM) 1000W ASUS ROG LOKI 1000P SFX,1000W / 80+Platinum / Full Modular / Length 125mm / 2xCPU / 1xPCIe (16 Pin) / 3xPCIe (8 Pin),10Y,9500
800W.-1050W.,POWER SUPPLY (CYBENETICS PLATINUM) 1050W MONTECH CENTURY II,1050W / 80+GOLD / FULL Modular / Length 150mm / 2xCPU(4+4 Pin) / 1xPCIe (16 Pin) / 6xPCIe (6+2 Pin),10Y,3990
1200W.-1650W.,POWER SUPPLY (80+ GOLD) 1200W ASUS TUF GAMING 1200G,1200W / 80+PLATINUM / FULL Modular / Length 150mm / 2xCPU(4+4 Pin) / 2xPCIe (16 Pin) / 3xPCIe (6+2 Pin),10Y,8450
1200W.-1650W.,POWER SUPPLY (80+ GOLD) 1250W MSI MAG A1250GL PCIE5,1250W / 80+GOLD / FULL Modular / Length 150mm / 2xCPU(4+4 Pin) / 1x12VHPWR (16 Pin) / 4xPCIe (6+2 Pin),7Y,5990
1200W.-1650W.,POWER SUPPLY (80+ GOLD) 1250W SEGOTEP GM1250W,1250W / 80+GOLD / Full Modular / Length 150mm / 2xCPU / 1xPCIe ((14+2 Pin) / 4xPCIe (6+2 Pin),5Y,6390
1200W.-1650W.,POWER SUPPLY (80+ PLATINUM) 1300W DEEPCOOL PX1300P,1300W / 80+PLATINUM / FULL Modular / Length 160mm / 2xCPU(4+4 Pin) / 2xPCIe (16 Pin) / 5xPCIe (6+2 Pin),12Y,12000
1200W.-1650W.,POWER SUPPLY (80+ GOLD) 1350W THERMALTAKE TOUGHPOWER GF3,1350W / 80 PLUS GOLD / Full Modular,10Y,8990
1200W.-1650W.,POWER SUPPLY (80+ PLATINUM) 1500W CORSAIR HX1500i (CP-9020261-NA),1500W / 80+Platinum / Full Modular / Length 150mm / 2xCPU / 1xPCIe (16 Pin) / 4xPCIe (8 Pin),10Y,13500
1200W.-1650W.,POWER SUPPLY (80+ PLATINUM) 1500W NZXT BLACK (PA-5P1BB-US),1500W / 80+PLATINUM / FULL Modular / Length 180mm / 2xCPU(4+4 Pin) / 2xPCIe (16 Pin) / 6xPCIe (6+2 Pin),10Y,12500
